Xiawei_ID,Name,Data
5,ID_5_Number_1,"1 参照示例文案结构，文案仿写，要求文案结构一致，语言风格一致，主题父母，示例结构如下：在这个世界上，只有父母给我们吃的饭是免费的，其他每一餐都需要付出代价。
如果有一天啊你把父母的心伤透了，那在这世界上可能真的找不到一个人无私的对你这么好了。"
5,ID_5_Number_2,"2 参照示例文案结构，文案仿写，要求文案结构一致，语言风格一致，主题父母，示例结构如下：在这个世界上，只有父母给我们吃的饭是免费的，其他每一餐都需要付出代价。
如果有一天啊你把父母的心伤透了，那在这世界上可能真的找不到一个人无私的对你这么好了。"
5,ID_5_Number_3,"3 参照示例文案结构，文案仿写，要求文案结构一致，语言风格一致，主题父母，示例结构如下：在这个世界上，只有父母给我们吃的饭是免费的，其他每一餐都需要付出代价。
如果有一天啊你把父母的心伤透了，那在这世界上可能真的找不到一个人无私的对你这么好了。"
5,ID_5_Number_4,"4 参照示例文案结构，文案仿写，要求文案结构一致，语言风格一致，主题父母，示例结构如下：在这个世界上，只有父母给我们吃的饭是免费的，其他每一餐都需要付出代价。
如果有一天啊你把父母的心伤透了，那在这世界上可能真的找不到一个人无私的对你这么好了。"
5,ID_5_Number_5,"5 参照示例文案结构，文案仿写，要求文案结构一致，语言风格一致，主题父母，示例结构如下：在这个世界上，只有父母给我们吃的饭是免费的，其他每一餐都需要付出代价。
如果有一天啊你把父母的心伤透了，那在这世界上可能真的找不到一个人无私的对你这么好了。"
5,ID_5_Number_6,"6 参照示例文案结构，文案仿写，要求文案结构一致，语言风格一致，主题父母，示例结构如下：在这个世界上，只有父母给我们吃的饭是免费的，其他每一餐都需要付出代价。
如果有一天啊你把父母的心伤透了，那在这世界上可能真的找不到一个人无私的对你这么好了。"
5,ID_5_Number_7,"7 参照示例文案结构，文案仿写，要求文案结构一致，语言风格一致，主题父母，示例结构如下：在这个世界上，只有父母给我们吃的饭是免费的，其他每一餐都需要付出代价。
如果有一天啊你把父母的心伤透了，那在这世界上可能真的找不到一个人无私的对你这么好了。"
5,ID_5_Number_8,"8 参照示例文案结构，文案仿写，要求文案结构一致，语言风格一致，主题父母，示例结构如下：在这个世界上，只有父母给我们吃的饭是免费的，其他每一餐都需要付出代价。
如果有一天啊你把父母的心伤透了，那在这世界上可能真的找不到一个人无私的对你这么好了。"
5,ID_5_Number_9,"9 参照示例文案结构，文案仿写，要求文案结构一致，语言风格一致，主题父母，示例结构如下：在这个世界上，只有父母给我们吃的饭是免费的，其他每一餐都需要付出代价。
如果有一天啊你把父母的心伤透了，那在这世界上可能真的找不到一个人无私的对你这么好了。"
5,ID_5_Number_10,"10 参照示例文案结构，文案仿写，要求文案结构一致，语言风格一致，主题父母，示例结构如下：在这个世界上，只有父母给我们吃的饭是免费的，其他每一餐都需要付出代价。
如果有一天啊你把父母的心伤透了，那在这世界上可能真的找不到一个人无私的对你这么好了。"
5,ID_5_Number_11,"11 参照示例文案结构，文案仿写，要求文案结构一致，语言风格一致，主题父母，示例结构如下：在这个世界上，只有父母给我们吃的饭是免费的，其他每一餐都需要付出代价。
如果有一天啊你把父母的心伤透了，那在这世界上可能真的找不到一个人无私的对你这么好了。"
5,ID_5_Number_12,"12 参照示例文案结构，文案仿写，要求文案结构一致，语言风格一致，主题父母，示例结构如下：在这个世界上，只有父母给我们吃的饭是免费的，其他每一餐都需要付出代价。
如果有一天啊你把父母的心伤透了，那在这世界上可能真的找不到一个人无私的对你这么好了。"
5,ID_5_Number_13,"13 参照示例文案结构，文案仿写，要求文案结构一致，语言风格一致，主题父母，示例结构如下：在这个世界上，只有父母给我们吃的饭是免费的，其他每一餐都需要付出代价。
如果有一天啊你把父母的心伤透了，那在这世界上可能真的找不到一个人无私的对你这么好了。"
5,ID_5_Number_14,"14 参照示例文案结构，文案仿写，要求文案结构一致，语言风格一致，主题父母，示例结构如下：在这个世界上，只有父母给我们吃的饭是免费的，其他每一餐都需要付出代价。
如果有一天啊你把父母的心伤透了，那在这世界上可能真的找不到一个人无私的对你这么好了。"
5,ID_5_Number_15,"15 参照示例文案结构，文案仿写，要求文案结构一致，语言风格一致，主题父母，示例结构如下：在这个世界上，只有父母给我们吃的饭是免费的，其他每一餐都需要付出代价。
如果有一天啊你把父母的心伤透了，那在这世界上可能真的找不到一个人无私的对你这么好了。"
5,ID_5_Number_16,"16 参照示例文案结构，文案仿写，要求文案结构一致，语言风格一致，主题父母，示例结构如下：在这个世界上，只有父母给我们吃的饭是免费的，其他每一餐都需要付出代价。
如果有一天啊你把父母的心伤透了，那在这世界上可能真的找不到一个人无私的对你这么好了。"
5,ID_5_Number_17,"17 参照示例文案结构，文案仿写，要求文案结构一致，语言风格一致，主题父母，示例结构如下：在这个世界上，只有父母给我们吃的饭是免费的，其他每一餐都需要付出代价。
如果有一天啊你把父母的心伤透了，那在这世界上可能真的找不到一个人无私的对你这么好了。"
5,ID_5_Number_18,"18 参照示例文案结构，文案仿写，要求文案结构一致，语言风格一致，主题父母，示例结构如下：在这个世界上，只有父母给我们吃的饭是免费的，其他每一餐都需要付出代价。
如果有一天啊你把父母的心伤透了，那在这世界上可能真的找不到一个人无私的对你这么好了。"
5,ID_5_Number_19,"19 参照示例文案结构，文案仿写，要求文案结构一致，语言风格一致，主题父母，示例结构如下：在这个世界上，只有父母给我们吃的饭是免费的，其他每一餐都需要付出代价。
如果有一天啊你把父母的心伤透了，那在这世界上可能真的找不到一个人无私的对你这么好了。"
5,ID_5_Number_20,"20 参照示例文案结构，文案仿写，要求文案结构一致，语言风格一致，主题父母，示例结构如下：在这个世界上，只有父母给我们吃的饭是免费的，其他每一餐都需要付出代价。
如果有一天啊你把父母的心伤透了，那在这世界上可能真的找不到一个人无私的对你这么好了。"
5,ID_5_Number_21,"21 参照示例文案结构，文案仿写，要求文案结构一致，语言风格一致，主题父母，示例结构如下：在这个世界上，只有父母给我们吃的饭是免费的，其他每一餐都需要付出代价。
如果有一天啊你把父母的心伤透了，那在这世界上可能真的找不到一个人无私的对你这么好了。"
5,ID_5_Number_22,"22 参照示例文案结构，文案仿写，要求文案结构一致，语言风格一致，主题父母，示例结构如下：在这个世界上，只有父母给我们吃的饭是免费的，其他每一餐都需要付出代价。
如果有一天啊你把父母的心伤透了，那在这世界上可能真的找不到一个人无私的对你这么好了。"
5,ID_5_Number_23,"23 参照示例文案结构，文案仿写，要求文案结构一致，语言风格一致，主题父母，示例结构如下：在这个世界上，只有父母给我们吃的饭是免费的，其他每一餐都需要付出代价。
如果有一天啊你把父母的心伤透了，那在这世界上可能真的找不到一个人无私的对你这么好了。"
5,ID_5_Number_24,"24 参照示例文案结构，文案仿写，要求文案结构一致，语言风格一致，主题父母，示例结构如下：在这个世界上，只有父母给我们吃的饭是免费的，其他每一餐都需要付出代价。
如果有一天啊你把父母的心伤透了，那在这世界上可能真的找不到一个人无私的对你这么好了。"
5,ID_5_Number_25,"25 参照示例文案结构，文案仿写，要求文案结构一致，语言风格一致，主题父母，示例结构如下：在这个世界上，只有父母给我们吃的饭是免费的，其他每一餐都需要付出代价。
如果有一天啊你把父母的心伤透了，那在这世界上可能真的找不到一个人无私的对你这么好了。"
5,ID_5_Number_26,"26 参照示例文案结构，文案仿写，要求文案结构一致，语言风格一致，主题父母，示例结构如下：在这个世界上，只有父母给我们吃的饭是免费的，其他每一餐都需要付出代价。
如果有一天啊你把父母的心伤透了，那在这世界上可能真的找不到一个人无私的对你这么好了。"
5,ID_5_Number_27,"27 参照示例文案结构，文案仿写，要求文案结构一致，语言风格一致，主题父母，示例结构如下：在这个世界上，只有父母给我们吃的饭是免费的，其他每一餐都需要付出代价。
如果有一天啊你把父母的心伤透了，那在这世界上可能真的找不到一个人无私的对你这么好了。"
5,ID_5_Number_28,"28 参照示例文案结构，文案仿写，要求文案结构一致，语言风格一致，主题父母，示例结构如下：在这个世界上，只有父母给我们吃的饭是免费的，其他每一餐都需要付出代价。
如果有一天啊你把父母的心伤透了，那在这世界上可能真的找不到一个人无私的对你这么好了。"
5,ID_5_Number_29,"29 参照示例文案结构，文案仿写，要求文案结构一致，语言风格一致，主题父母，示例结构如下：在这个世界上，只有父母给我们吃的饭是免费的，其他每一餐都需要付出代价。
如果有一天啊你把父母的心伤透了，那在这世界上可能真的找不到一个人无私的对你这么好了。"
5,ID_5_Number_30,"30 参照示例文案结构，文案仿写，要求文案结构一致，语言风格一致，主题父母，示例结构如下：在这个世界上，只有父母给我们吃的饭是免费的，其他每一餐都需要付出代价。
如果有一天啊你把父母的心伤透了，那在这世界上可能真的找不到一个人无私的对你这么好了。"
5,ID_5_Number_31,"31 参照示例文案结构，文案仿写，要求文案结构一致，语言风格一致，主题父母，示例结构如下：在这个世界上，只有父母给我们吃的饭是免费的，其他每一餐都需要付出代价。
如果有一天啊你把父母的心伤透了，那在这世界上可能真的找不到一个人无私的对你这么好了。"
5,ID_5_Number_32,"32 参照示例文案结构，文案仿写，要求文案结构一致，语言风格一致，主题父母，示例结构如下：在这个世界上，只有父母给我们吃的饭是免费的，其他每一餐都需要付出代价。
如果有一天啊你把父母的心伤透了，那在这世界上可能真的找不到一个人无私的对你这么好了。"
5,ID_5_Number_33,"33 参照示例文案结构，文案仿写，要求文案结构一致，语言风格一致，主题父母，示例结构如下：在这个世界上，只有父母给我们吃的饭是免费的，其他每一餐都需要付出代价。
如果有一天啊你把父母的心伤透了，那在这世界上可能真的找不到一个人无私的对你这么好了。"
5,ID_5_Number_34,"34 参照示例文案结构，文案仿写，要求文案结构一致，语言风格一致，主题父母，示例结构如下：在这个世界上，只有父母给我们吃的饭是免费的，其他每一餐都需要付出代价。
如果有一天啊你把父母的心伤透了，那在这世界上可能真的找不到一个人无私的对你这么好了。"
5,ID_5_Number_35,"35 参照示例文案结构，文案仿写，要求文案结构一致，语言风格一致，主题父母，示例结构如下：在这个世界上，只有父母给我们吃的饭是免费的，其他每一餐都需要付出代价。
如果有一天啊你把父母的心伤透了，那在这世界上可能真的找不到一个人无私的对你这么好了。"
5,ID_5_Number_36,"36 参照示例文案结构，文案仿写，要求文案结构一致，语言风格一致，主题父母，示例结构如下：在这个世界上，只有父母给我们吃的饭是免费的，其他每一餐都需要付出代价。
如果有一天啊你把父母的心伤透了，那在这世界上可能真的找不到一个人无私的对你这么好了。"
5,ID_5_Number_37,"37 参照示例文案结构，文案仿写，要求文案结构一致，语言风格一致，主题父母，示例结构如下：在这个世界上，只有父母给我们吃的饭是免费的，其他每一餐都需要付出代价。
如果有一天啊你把父母的心伤透了，那在这世界上可能真的找不到一个人无私的对你这么好了。"
5,ID_5_Number_38,"38 参照示例文案结构，文案仿写，要求文案结构一致，语言风格一致，主题父母，示例结构如下：在这个世界上，只有父母给我们吃的饭是免费的，其他每一餐都需要付出代价。
如果有一天啊你把父母的心伤透了，那在这世界上可能真的找不到一个人无私的对你这么好了。"
5,ID_5_Number_39,"39 参照示例文案结构，文案仿写，要求文案结构一致，语言风格一致，主题父母，示例结构如下：在这个世界上，只有父母给我们吃的饭是免费的，其他每一餐都需要付出代价。
如果有一天啊你把父母的心伤透了，那在这世界上可能真的找不到一个人无私的对你这么好了。"
5,ID_5_Number_40,"40 参照示例文案结构，文案仿写，要求文案结构一致，语言风格一致，主题父母，示例结构如下：在这个世界上，只有父母给我们吃的饭是免费的，其他每一餐都需要付出代价。
如果有一天啊你把父母的心伤透了，那在这世界上可能真的找不到一个人无私的对你这么好了。"
5,ID_5_Number_41,"41 参照示例文案结构，文案仿写，要求文案结构一致，语言风格一致，主题父母，示例结构如下：在这个世界上，只有父母给我们吃的饭是免费的，其他每一餐都需要付出代价。
如果有一天啊你把父母的心伤透了，那在这世界上可能真的找不到一个人无私的对你这么好了。"
5,ID_5_Number_42,"42 参照示例文案结构，文案仿写，要求文案结构一致，语言风格一致，主题父母，示例结构如下：在这个世界上，只有父母给我们吃的饭是免费的，其他每一餐都需要付出代价。
如果有一天啊你把父母的心伤透了，那在这世界上可能真的找不到一个人无私的对你这么好了。"
5,ID_5_Number_43,"43 参照示例文案结构，文案仿写，要求文案结构一致，语言风格一致，主题父母，示例结构如下：在这个世界上，只有父母给我们吃的饭是免费的，其他每一餐都需要付出代价。
如果有一天啊你把父母的心伤透了，那在这世界上可能真的找不到一个人无私的对你这么好了。"
5,ID_5_Number_44,"44 参照示例文案结构，文案仿写，要求文案结构一致，语言风格一致，主题父母，示例结构如下：在这个世界上，只有父母给我们吃的饭是免费的，其他每一餐都需要付出代价。
如果有一天啊你把父母的心伤透了，那在这世界上可能真的找不到一个人无私的对你这么好了。"
5,ID_5_Number_45,"45 参照示例文案结构，文案仿写，要求文案结构一致，语言风格一致，主题父母，示例结构如下：在这个世界上，只有父母给我们吃的饭是免费的，其他每一餐都需要付出代价。
如果有一天啊你把父母的心伤透了，那在这世界上可能真的找不到一个人无私的对你这么好了。"
5,ID_5_Number_46,"46 参照示例文案结构，文案仿写，要求文案结构一致，语言风格一致，主题父母，示例结构如下：在这个世界上，只有父母给我们吃的饭是免费的，其他每一餐都需要付出代价。
如果有一天啊你把父母的心伤透了，那在这世界上可能真的找不到一个人无私的对你这么好了。"
5,ID_5_Number_47,"47 参照示例文案结构，文案仿写，要求文案结构一致，语言风格一致，主题父母，示例结构如下：在这个世界上，只有父母给我们吃的饭是免费的，其他每一餐都需要付出代价。
如果有一天啊你把父母的心伤透了，那在这世界上可能真的找不到一个人无私的对你这么好了。"
5,ID_5_Number_48,"48 参照示例文案结构，文案仿写，要求文案结构一致，语言风格一致，主题父母，示例结构如下：在这个世界上，只有父母给我们吃的饭是免费的，其他每一餐都需要付出代价。
如果有一天啊你把父母的心伤透了，那在这世界上可能真的找不到一个人无私的对你这么好了。"
5,ID_5_Number_49,"49 参照示例文案结构，文案仿写，要求文案结构一致，语言风格一致，主题父母，示例结构如下：在这个世界上，只有父母给我们吃的饭是免费的，其他每一餐都需要付出代价。
如果有一天啊你把父母的心伤透了，那在这世界上可能真的找不到一个人无私的对你这么好了。"
5,ID_5_Number_50,"50 参照示例文案结构，文案仿写，要求文案结构一致，语言风格一致，主题父母，示例结构如下：在这个世界上，只有父母给我们吃的饭是免费的，其他每一餐都需要付出代价。
如果有一天啊你把父母的心伤透了，那在这世界上可能真的找不到一个人无私的对你这么好了。"
5,ID_5_Number_51,"51 参照示例文案结构，文案仿写，要求文案结构一致，语言风格一致，主题父母，示例结构如下：在这个世界上，只有父母给我们吃的饭是免费的，其他每一餐都需要付出代价。
如果有一天啊你把父母的心伤透了，那在这世界上可能真的找不到一个人无私的对你这么好了。"
5,ID_5_Number_52,"52 参照示例文案结构，文案仿写，要求文案结构一致，语言风格一致，主题父母，示例结构如下：在这个世界上，只有父母给我们吃的饭是免费的，其他每一餐都需要付出代价。
如果有一天啊你把父母的心伤透了，那在这世界上可能真的找不到一个人无私的对你这么好了。"
5,ID_5_Number_53,"53 参照示例文案结构，文案仿写，要求文案结构一致，语言风格一致，主题父母，示例结构如下：在这个世界上，只有父母给我们吃的饭是免费的，其他每一餐都需要付出代价。
如果有一天啊你把父母的心伤透了，那在这世界上可能真的找不到一个人无私的对你这么好了。"
5,ID_5_Number_54,"54 参照示例文案结构，文案仿写，要求文案结构一致，语言风格一致，主题父母，示例结构如下：在这个世界上，只有父母给我们吃的饭是免费的，其他每一餐都需要付出代价。
如果有一天啊你把父母的心伤透了，那在这世界上可能真的找不到一个人无私的对你这么好了。"
5,ID_5_Number_55,"55 参照示例文案结构，文案仿写，要求文案结构一致，语言风格一致，主题父母，示例结构如下：在这个世界上，只有父母给我们吃的饭是免费的，其他每一餐都需要付出代价。
如果有一天啊你把父母的心伤透了，那在这世界上可能真的找不到一个人无私的对你这么好了。"
5,ID_5_Number_56,"56 参照示例文案结构，文案仿写，要求文案结构一致，语言风格一致，主题父母，示例结构如下：在这个世界上，只有父母给我们吃的饭是免费的，其他每一餐都需要付出代价。
如果有一天啊你把父母的心伤透了，那在这世界上可能真的找不到一个人无私的对你这么好了。"
5,ID_5_Number_57,"57 参照示例文案结构，文案仿写，要求文案结构一致，语言风格一致，主题父母，示例结构如下：在这个世界上，只有父母给我们吃的饭是免费的，其他每一餐都需要付出代价。
如果有一天啊你把父母的心伤透了，那在这世界上可能真的找不到一个人无私的对你这么好了。"
5,ID_5_Number_58,"58 参照示例文案结构，文案仿写，要求文案结构一致，语言风格一致，主题父母，示例结构如下：在这个世界上，只有父母给我们吃的饭是免费的，其他每一餐都需要付出代价。
如果有一天啊你把父母的心伤透了，那在这世界上可能真的找不到一个人无私的对你这么好了。"
5,ID_5_Number_59,"59 参照示例文案结构，文案仿写，要求文案结构一致，语言风格一致，主题父母，示例结构如下：在这个世界上，只有父母给我们吃的饭是免费的，其他每一餐都需要付出代价。
如果有一天啊你把父母的心伤透了，那在这世界上可能真的找不到一个人无私的对你这么好了。"
5,ID_5_Number_60,"60 参照示例文案结构，文案仿写，要求文案结构一致，语言风格一致，主题父母，示例结构如下：在这个世界上，只有父母给我们吃的饭是免费的，其他每一餐都需要付出代价。
如果有一天啊你把父母的心伤透了，那在这世界上可能真的找不到一个人无私的对你这么好了。"
5,ID_5_Number_61,"61 参照示例文案结构，文案仿写，要求文案结构一致，语言风格一致，主题父母，示例结构如下：在这个世界上，只有父母给我们吃的饭是免费的，其他每一餐都需要付出代价。
如果有一天啊你把父母的心伤透了，那在这世界上可能真的找不到一个人无私的对你这么好了。"
5,ID_5_Number_62,"62 参照示例文案结构，文案仿写，要求文案结构一致，语言风格一致，主题父母，示例结构如下：在这个世界上，只有父母给我们吃的饭是免费的，其他每一餐都需要付出代价。
如果有一天啊你把父母的心伤透了，那在这世界上可能真的找不到一个人无私的对你这么好了。"
5,ID_5_Number_63,"63 参照示例文案结构，文案仿写，要求文案结构一致，语言风格一致，主题父母，示例结构如下：在这个世界上，只有父母给我们吃的饭是免费的，其他每一餐都需要付出代价。
如果有一天啊你把父母的心伤透了，那在这世界上可能真的找不到一个人无私的对你这么好了。"
5,ID_5_Number_64,"64 参照示例文案结构，文案仿写，要求文案结构一致，语言风格一致，主题父母，示例结构如下：在这个世界上，只有父母给我们吃的饭是免费的，其他每一餐都需要付出代价。
如果有一天啊你把父母的心伤透了，那在这世界上可能真的找不到一个人无私的对你这么好了。"
5,ID_5_Number_65,"65 参照示例文案结构，文案仿写，要求文案结构一致，语言风格一致，主题父母，示例结构如下：在这个世界上，只有父母给我们吃的饭是免费的，其他每一餐都需要付出代价。
如果有一天啊你把父母的心伤透了，那在这世界上可能真的找不到一个人无私的对你这么好了。"
5,ID_5_Number_66,"66 参照示例文案结构，文案仿写，要求文案结构一致，语言风格一致，主题父母，示例结构如下：在这个世界上，只有父母给我们吃的饭是免费的，其他每一餐都需要付出代价。
如果有一天啊你把父母的心伤透了，那在这世界上可能真的找不到一个人无私的对你这么好了。"
5,ID_5_Number_67,"67 参照示例文案结构，文案仿写，要求文案结构一致，语言风格一致，主题父母，示例结构如下：在这个世界上，只有父母给我们吃的饭是免费的，其他每一餐都需要付出代价。
如果有一天啊你把父母的心伤透了，那在这世界上可能真的找不到一个人无私的对你这么好了。"
5,ID_5_Number_68,"68 参照示例文案结构，文案仿写，要求文案结构一致，语言风格一致，主题父母，示例结构如下：在这个世界上，只有父母给我们吃的饭是免费的，其他每一餐都需要付出代价。
如果有一天啊你把父母的心伤透了，那在这世界上可能真的找不到一个人无私的对你这么好了。"
5,ID_5_Number_69,"69 参照示例文案结构，文案仿写，要求文案结构一致，语言风格一致，主题父母，示例结构如下：在这个世界上，只有父母给我们吃的饭是免费的，其他每一餐都需要付出代价。
如果有一天啊你把父母的心伤透了，那在这世界上可能真的找不到一个人无私的对你这么好了。"
5,ID_5_Number_70,"70 参照示例文案结构，文案仿写，要求文案结构一致，语言风格一致，主题父母，示例结构如下：在这个世界上，只有父母给我们吃的饭是免费的，其他每一餐都需要付出代价。
如果有一天啊你把父母的心伤透了，那在这世界上可能真的找不到一个人无私的对你这么好了。"
5,ID_5_Number_71,"71 参照示例文案结构，文案仿写，要求文案结构一致，语言风格一致，主题父母，示例结构如下：在这个世界上，只有父母给我们吃的饭是免费的，其他每一餐都需要付出代价。
如果有一天啊你把父母的心伤透了，那在这世界上可能真的找不到一个人无私的对你这么好了。"
5,ID_5_Number_72,"72 参照示例文案结构，文案仿写，要求文案结构一致，语言风格一致，主题父母，示例结构如下：在这个世界上，只有父母给我们吃的饭是免费的，其他每一餐都需要付出代价。
如果有一天啊你把父母的心伤透了，那在这世界上可能真的找不到一个人无私的对你这么好了。"
5,ID_5_Number_73,"73 参照示例文案结构，文案仿写，要求文案结构一致，语言风格一致，主题父母，示例结构如下：在这个世界上，只有父母给我们吃的饭是免费的，其他每一餐都需要付出代价。
如果有一天啊你把父母的心伤透了，那在这世界上可能真的找不到一个人无私的对你这么好了。"
5,ID_5_Number_74,"74 参照示例文案结构，文案仿写，要求文案结构一致，语言风格一致，主题父母，示例结构如下：在这个世界上，只有父母给我们吃的饭是免费的，其他每一餐都需要付出代价。
如果有一天啊你把父母的心伤透了，那在这世界上可能真的找不到一个人无私的对你这么好了。"
5,ID_5_Number_75,"75 参照示例文案结构，文案仿写，要求文案结构一致，语言风格一致，主题父母，示例结构如下：在这个世界上，只有父母给我们吃的饭是免费的，其他每一餐都需要付出代价。
如果有一天啊你把父母的心伤透了，那在这世界上可能真的找不到一个人无私的对你这么好了。"
5,ID_5_Number_76,"76 参照示例文案结构，文案仿写，要求文案结构一致，语言风格一致，主题父母，示例结构如下：在这个世界上，只有父母给我们吃的饭是免费的，其他每一餐都需要付出代价。
如果有一天啊你把父母的心伤透了，那在这世界上可能真的找不到一个人无私的对你这么好了。"
5,ID_5_Number_77,"77 参照示例文案结构，文案仿写，要求文案结构一致，语言风格一致，主题父母，示例结构如下：在这个世界上，只有父母给我们吃的饭是免费的，其他每一餐都需要付出代价。
如果有一天啊你把父母的心伤透了，那在这世界上可能真的找不到一个人无私的对你这么好了。"
5,ID_5_Number_78,"78 参照示例文案结构，文案仿写，要求文案结构一致，语言风格一致，主题父母，示例结构如下：在这个世界上，只有父母给我们吃的饭是免费的，其他每一餐都需要付出代价。
如果有一天啊你把父母的心伤透了，那在这世界上可能真的找不到一个人无私的对你这么好了。"
5,ID_5_Number_79,"79 参照示例文案结构，文案仿写，要求文案结构一致，语言风格一致，主题父母，示例结构如下：在这个世界上，只有父母给我们吃的饭是免费的，其他每一餐都需要付出代价。
如果有一天啊你把父母的心伤透了，那在这世界上可能真的找不到一个人无私的对你这么好了。"
5,ID_5_Number_80,"80 参照示例文案结构，文案仿写，要求文案结构一致，语言风格一致，主题父母，示例结构如下：在这个世界上，只有父母给我们吃的饭是免费的，其他每一餐都需要付出代价。
如果有一天啊你把父母的心伤透了，那在这世界上可能真的找不到一个人无私的对你这么好了。"
5,ID_5_Number_81,"81 参照示例文案结构，文案仿写，要求文案结构一致，语言风格一致，主题父母，示例结构如下：在这个世界上，只有父母给我们吃的饭是免费的，其他每一餐都需要付出代价。
如果有一天啊你把父母的心伤透了，那在这世界上可能真的找不到一个人无私的对你这么好了。"
5,ID_5_Number_82,"82 参照示例文案结构，文案仿写，要求文案结构一致，语言风格一致，主题父母，示例结构如下：在这个世界上，只有父母给我们吃的饭是免费的，其他每一餐都需要付出代价。
如果有一天啊你把父母的心伤透了，那在这世界上可能真的找不到一个人无私的对你这么好了。"
5,ID_5_Number_83,"83 参照示例文案结构，文案仿写，要求文案结构一致，语言风格一致，主题父母，示例结构如下：在这个世界上，只有父母给我们吃的饭是免费的，其他每一餐都需要付出代价。
如果有一天啊你把父母的心伤透了，那在这世界上可能真的找不到一个人无私的对你这么好了。"
5,ID_5_Number_84,"84 参照示例文案结构，文案仿写，要求文案结构一致，语言风格一致，主题父母，示例结构如下：在这个世界上，只有父母给我们吃的饭是免费的，其他每一餐都需要付出代价。
如果有一天啊你把父母的心伤透了，那在这世界上可能真的找不到一个人无私的对你这么好了。"
5,ID_5_Number_85,"85 参照示例文案结构，文案仿写，要求文案结构一致，语言风格一致，主题父母，示例结构如下：在这个世界上，只有父母给我们吃的饭是免费的，其他每一餐都需要付出代价。
如果有一天啊你把父母的心伤透了，那在这世界上可能真的找不到一个人无私的对你这么好了。"
5,ID_5_Number_86,"86 参照示例文案结构，文案仿写，要求文案结构一致，语言风格一致，主题父母，示例结构如下：在这个世界上，只有父母给我们吃的饭是免费的，其他每一餐都需要付出代价。
如果有一天啊你把父母的心伤透了，那在这世界上可能真的找不到一个人无私的对你这么好了。"
5,ID_5_Number_87,"87 参照示例文案结构，文案仿写，要求文案结构一致，语言风格一致，主题父母，示例结构如下：在这个世界上，只有父母给我们吃的饭是免费的，其他每一餐都需要付出代价。
如果有一天啊你把父母的心伤透了，那在这世界上可能真的找不到一个人无私的对你这么好了。"
5,ID_5_Number_88,"88 参照示例文案结构，文案仿写，要求文案结构一致，语言风格一致，主题父母，示例结构如下：在这个世界上，只有父母给我们吃的饭是免费的，其他每一餐都需要付出代价。
如果有一天啊你把父母的心伤透了，那在这世界上可能真的找不到一个人无私的对你这么好了。"
5,ID_5_Number_89,"89 参照示例文案结构，文案仿写，要求文案结构一致，语言风格一致，主题父母，示例结构如下：在这个世界上，只有父母给我们吃的饭是免费的，其他每一餐都需要付出代价。
如果有一天啊你把父母的心伤透了，那在这世界上可能真的找不到一个人无私的对你这么好了。"
5,ID_5_Number_90,"90 参照示例文案结构，文案仿写，要求文案结构一致，语言风格一致，主题父母，示例结构如下：在这个世界上，只有父母给我们吃的饭是免费的，其他每一餐都需要付出代价。
如果有一天啊你把父母的心伤透了，那在这世界上可能真的找不到一个人无私的对你这么好了。"
5,ID_5_Number_91,"91 参照示例文案结构，文案仿写，要求文案结构一致，语言风格一致，主题父母，示例结构如下：在这个世界上，只有父母给我们吃的饭是免费的，其他每一餐都需要付出代价。
如果有一天啊你把父母的心伤透了，那在这世界上可能真的找不到一个人无私的对你这么好了。"
5,ID_5_Number_92,"92 参照示例文案结构，文案仿写，要求文案结构一致，语言风格一致，主题父母，示例结构如下：在这个世界上，只有父母给我们吃的饭是免费的，其他每一餐都需要付出代价。
如果有一天啊你把父母的心伤透了，那在这世界上可能真的找不到一个人无私的对你这么好了。"
5,ID_5_Number_93,"93 参照示例文案结构，文案仿写，要求文案结构一致，语言风格一致，主题父母，示例结构如下：在这个世界上，只有父母给我们吃的饭是免费的，其他每一餐都需要付出代价。
如果有一天啊你把父母的心伤透了，那在这世界上可能真的找不到一个人无私的对你这么好了。"
5,ID_5_Number_94,"94 参照示例文案结构，文案仿写，要求文案结构一致，语言风格一致，主题父母，示例结构如下：在这个世界上，只有父母给我们吃的饭是免费的，其他每一餐都需要付出代价。
如果有一天啊你把父母的心伤透了，那在这世界上可能真的找不到一个人无私的对你这么好了。"
5,ID_5_Number_95,"95 参照示例文案结构，文案仿写，要求文案结构一致，语言风格一致，主题父母，示例结构如下：在这个世界上，只有父母给我们吃的饭是免费的，其他每一餐都需要付出代价。
如果有一天啊你把父母的心伤透了，那在这世界上可能真的找不到一个人无私的对你这么好了。"
5,ID_5_Number_96,"96 参照示例文案结构，文案仿写，要求文案结构一致，语言风格一致，主题父母，示例结构如下：在这个世界上，只有父母给我们吃的饭是免费的，其他每一餐都需要付出代价。
如果有一天啊你把父母的心伤透了，那在这世界上可能真的找不到一个人无私的对你这么好了。"
5,ID_5_Number_97,"97 参照示例文案结构，文案仿写，要求文案结构一致，语言风格一致，主题父母，示例结构如下：在这个世界上，只有父母给我们吃的饭是免费的，其他每一餐都需要付出代价。
如果有一天啊你把父母的心伤透了，那在这世界上可能真的找不到一个人无私的对你这么好了。"
5,ID_5_Number_98,"98 参照示例文案结构，文案仿写，要求文案结构一致，语言风格一致，主题父母，示例结构如下：在这个世界上，只有父母给我们吃的饭是免费的，其他每一餐都需要付出代价。
如果有一天啊你把父母的心伤透了，那在这世界上可能真的找不到一个人无私的对你这么好了。"
5,ID_5_Number_99,"99 参照示例文案结构，文案仿写，要求文案结构一致，语言风格一致，主题父母，示例结构如下：在这个世界上，只有父母给我们吃的饭是免费的，其他每一餐都需要付出代价。
如果有一天啊你把父母的心伤透了，那在这世界上可能真的找不到一个人无私的对你这么好了。"
5,ID_5_Number_100,"100 参照示例文案结构，文案仿写，要求文案结构一致，语言风格一致，主题父母，示例结构如下：在这个世界上，只有父母给我们吃的饭是免费的，其他每一餐都需要付出代价。
如果有一天啊你把父母的心伤透了，那在这世界上可能真的找不到一个人无私的对你这么好了。"
5,ID_5_Number_101,"101 参照示例文案结构，文案仿写，要求文案结构一致，语言风格一致，主题父母，示例结构如下：在这个世界上，只有父母给我们吃的饭是免费的，其他每一餐都需要付出代价。
如果有一天啊你把父母的心伤透了，那在这世界上可能真的找不到一个人无私的对你这么好了。"
5,ID_5_Number_102,"102 参照示例文案结构，文案仿写，要求文案结构一致，语言风格一致，主题父母，示例结构如下：在这个世界上，只有父母给我们吃的饭是免费的，其他每一餐都需要付出代价。
如果有一天啊你把父母的心伤透了，那在这世界上可能真的找不到一个人无私的对你这么好了。"
5,ID_5_Number_103,"103 参照示例文案结构，文案仿写，要求文案结构一致，语言风格一致，主题父母，示例结构如下：在这个世界上，只有父母给我们吃的饭是免费的，其他每一餐都需要付出代价。
如果有一天啊你把父母的心伤透了，那在这世界上可能真的找不到一个人无私的对你这么好了。"
5,ID_5_Number_104,"104 参照示例文案结构，文案仿写，要求文案结构一致，语言风格一致，主题父母，示例结构如下：在这个世界上，只有父母给我们吃的饭是免费的，其他每一餐都需要付出代价。
如果有一天啊你把父母的心伤透了，那在这世界上可能真的找不到一个人无私的对你这么好了。"
5,ID_5_Number_105,"105 参照示例文案结构，文案仿写，要求文案结构一致，语言风格一致，主题父母，示例结构如下：在这个世界上，只有父母给我们吃的饭是免费的，其他每一餐都需要付出代价。
如果有一天啊你把父母的心伤透了，那在这世界上可能真的找不到一个人无私的对你这么好了。"
5,ID_5_Number_106,"106 参照示例文案结构，文案仿写，要求文案结构一致，语言风格一致，主题父母，示例结构如下：在这个世界上，只有父母给我们吃的饭是免费的，其他每一餐都需要付出代价。
如果有一天啊你把父母的心伤透了，那在这世界上可能真的找不到一个人无私的对你这么好了。"
5,ID_5_Number_107,"107 参照示例文案结构，文案仿写，要求文案结构一致，语言风格一致，主题父母，示例结构如下：在这个世界上，只有父母给我们吃的饭是免费的，其他每一餐都需要付出代价。
如果有一天啊你把父母的心伤透了，那在这世界上可能真的找不到一个人无私的对你这么好了。"
5,ID_5_Number_108,"108 参照示例文案结构，文案仿写，要求文案结构一致，语言风格一致，主题父母，示例结构如下：在这个世界上，只有父母给我们吃的饭是免费的，其他每一餐都需要付出代价。
如果有一天啊你把父母的心伤透了，那在这世界上可能真的找不到一个人无私的对你这么好了。"
5,ID_5_Number_109,"109 参照示例文案结构，文案仿写，要求文案结构一致，语言风格一致，主题父母，示例结构如下：在这个世界上，只有父母给我们吃的饭是免费的，其他每一餐都需要付出代价。
如果有一天啊你把父母的心伤透了，那在这世界上可能真的找不到一个人无私的对你这么好了。"
5,ID_5_Number_110,"110 参照示例文案结构，文案仿写，要求文案结构一致，语言风格一致，主题父母，示例结构如下：在这个世界上，只有父母给我们吃的饭是免费的，其他每一餐都需要付出代价。
如果有一天啊你把父母的心伤透了，那在这世界上可能真的找不到一个人无私的对你这么好了。"
5,ID_5_Number_111,"111 参照示例文案结构，文案仿写，要求文案结构一致，语言风格一致，主题父母，示例结构如下：在这个世界上，只有父母给我们吃的饭是免费的，其他每一餐都需要付出代价。
如果有一天啊你把父母的心伤透了，那在这世界上可能真的找不到一个人无私的对你这么好了。"
5,ID_5_Number_112,"112 参照示例文案结构，文案仿写，要求文案结构一致，语言风格一致，主题父母，示例结构如下：在这个世界上，只有父母给我们吃的饭是免费的，其他每一餐都需要付出代价。
如果有一天啊你把父母的心伤透了，那在这世界上可能真的找不到一个人无私的对你这么好了。"
5,ID_5_Number_113,"113 参照示例文案结构，文案仿写，要求文案结构一致，语言风格一致，主题父母，示例结构如下：在这个世界上，只有父母给我们吃的饭是免费的，其他每一餐都需要付出代价。
如果有一天啊你把父母的心伤透了，那在这世界上可能真的找不到一个人无私的对你这么好了。"
5,ID_5_Number_114,"114 参照示例文案结构，文案仿写，要求文案结构一致，语言风格一致，主题父母，示例结构如下：在这个世界上，只有父母给我们吃的饭是免费的，其他每一餐都需要付出代价。
如果有一天啊你把父母的心伤透了，那在这世界上可能真的找不到一个人无私的对你这么好了。"
5,ID_5_Number_115,"115 参照示例文案结构，文案仿写，要求文案结构一致，语言风格一致，主题父母，示例结构如下：在这个世界上，只有父母给我们吃的饭是免费的，其他每一餐都需要付出代价。
如果有一天啊你把父母的心伤透了，那在这世界上可能真的找不到一个人无私的对你这么好了。"
5,ID_5_Number_116,"116 参照示例文案结构，文案仿写，要求文案结构一致，语言风格一致，主题父母，示例结构如下：在这个世界上，只有父母给我们吃的饭是免费的，其他每一餐都需要付出代价。
如果有一天啊你把父母的心伤透了，那在这世界上可能真的找不到一个人无私的对你这么好了。"
5,ID_5_Number_117,"117 参照示例文案结构，文案仿写，要求文案结构一致，语言风格一致，主题父母，示例结构如下：在这个世界上，只有父母给我们吃的饭是免费的，其他每一餐都需要付出代价。
如果有一天啊你把父母的心伤透了，那在这世界上可能真的找不到一个人无私的对你这么好了。"
5,ID_5_Number_118,"118 参照示例文案结构，文案仿写，要求文案结构一致，语言风格一致，主题父母，示例结构如下：在这个世界上，只有父母给我们吃的饭是免费的，其他每一餐都需要付出代价。
如果有一天啊你把父母的心伤透了，那在这世界上可能真的找不到一个人无私的对你这么好了。"
5,ID_5_Number_119,"119 参照示例文案结构，文案仿写，要求文案结构一致，语言风格一致，主题父母，示例结构如下：在这个世界上，只有父母给我们吃的饭是免费的，其他每一餐都需要付出代价。
如果有一天啊你把父母的心伤透了，那在这世界上可能真的找不到一个人无私的对你这么好了。"
5,ID_5_Number_120,"120 参照示例文案结构，文案仿写，要求文案结构一致，语言风格一致，主题父母，示例结构如下：在这个世界上，只有父母给我们吃的饭是免费的，其他每一餐都需要付出代价。
如果有一天啊你把父母的心伤透了，那在这世界上可能真的找不到一个人无私的对你这么好了。"
5,ID_5_Number_121,"121 参照示例文案结构，文案仿写，要求文案结构一致，语言风格一致，主题父母，示例结构如下：在这个世界上，只有父母给我们吃的饭是免费的，其他每一餐都需要付出代价。
如果有一天啊你把父母的心伤透了，那在这世界上可能真的找不到一个人无私的对你这么好了。"
5,ID_5_Number_122,"122 参照示例文案结构，文案仿写，要求文案结构一致，语言风格一致，主题父母，示例结构如下：在这个世界上，只有父母给我们吃的饭是免费的，其他每一餐都需要付出代价。
如果有一天啊你把父母的心伤透了，那在这世界上可能真的找不到一个人无私的对你这么好了。"
5,ID_5_Number_123,"123 参照示例文案结构，文案仿写，要求文案结构一致，语言风格一致，主题父母，示例结构如下：在这个世界上，只有父母给我们吃的饭是免费的，其他每一餐都需要付出代价。
如果有一天啊你把父母的心伤透了，那在这世界上可能真的找不到一个人无私的对你这么好了。"
5,ID_5_Number_124,"124 参照示例文案结构，文案仿写，要求文案结构一致，语言风格一致，主题父母，示例结构如下：在这个世界上，只有父母给我们吃的饭是免费的，其他每一餐都需要付出代价。
如果有一天啊你把父母的心伤透了，那在这世界上可能真的找不到一个人无私的对你这么好了。"
5,ID_5_Number_125,"125 参照示例文案结构，文案仿写，要求文案结构一致，语言风格一致，主题父母，示例结构如下：在这个世界上，只有父母给我们吃的饭是免费的，其他每一餐都需要付出代价。
如果有一天啊你把父母的心伤透了，那在这世界上可能真的找不到一个人无私的对你这么好了。"
5,ID_5_Number_126,"126 参照示例文案结构，文案仿写，要求文案结构一致，语言风格一致，主题父母，示例结构如下：在这个世界上，只有父母给我们吃的饭是免费的，其他每一餐都需要付出代价。
如果有一天啊你把父母的心伤透了，那在这世界上可能真的找不到一个人无私的对你这么好了。"
5,ID_5_Number_127,"127 参照示例文案结构，文案仿写，要求文案结构一致，语言风格一致，主题父母，示例结构如下：在这个世界上，只有父母给我们吃的饭是免费的，其他每一餐都需要付出代价。
如果有一天啊你把父母的心伤透了，那在这世界上可能真的找不到一个人无私的对你这么好了。"
5,ID_5_Number_128,"128 参照示例文案结构，文案仿写，要求文案结构一致，语言风格一致，主题父母，示例结构如下：在这个世界上，只有父母给我们吃的饭是免费的，其他每一餐都需要付出代价。
如果有一天啊你把父母的心伤透了，那在这世界上可能真的找不到一个人无私的对你这么好了。"
5,ID_5_Number_129,"129 参照示例文案结构，文案仿写，要求文案结构一致，语言风格一致，主题父母，示例结构如下：在这个世界上，只有父母给我们吃的饭是免费的，其他每一餐都需要付出代价。
如果有一天啊你把父母的心伤透了，那在这世界上可能真的找不到一个人无私的对你这么好了。"
5,ID_5_Number_130,"130 参照示例文案结构，文案仿写，要求文案结构一致，语言风格一致，主题父母，示例结构如下：在这个世界上，只有父母给我们吃的饭是免费的，其他每一餐都需要付出代价。
如果有一天啊你把父母的心伤透了，那在这世界上可能真的找不到一个人无私的对你这么好了。"
5,ID_5_Number_131,"131 参照示例文案结构，文案仿写，要求文案结构一致，语言风格一致，主题父母，示例结构如下：在这个世界上，只有父母给我们吃的饭是免费的，其他每一餐都需要付出代价。
如果有一天啊你把父母的心伤透了，那在这世界上可能真的找不到一个人无私的对你这么好了。"
5,ID_5_Number_132,"132 参照示例文案结构，文案仿写，要求文案结构一致，语言风格一致，主题父母，示例结构如下：在这个世界上，只有父母给我们吃的饭是免费的，其他每一餐都需要付出代价。
如果有一天啊你把父母的心伤透了，那在这世界上可能真的找不到一个人无私的对你这么好了。"
5,ID_5_Number_133,"133 参照示例文案结构，文案仿写，要求文案结构一致，语言风格一致，主题父母，示例结构如下：在这个世界上，只有父母给我们吃的饭是免费的，其他每一餐都需要付出代价。
如果有一天啊你把父母的心伤透了，那在这世界上可能真的找不到一个人无私的对你这么好了。"
5,ID_5_Number_134,"134 参照示例文案结构，文案仿写，要求文案结构一致，语言风格一致，主题父母，示例结构如下：在这个世界上，只有父母给我们吃的饭是免费的，其他每一餐都需要付出代价。
如果有一天啊你把父母的心伤透了，那在这世界上可能真的找不到一个人无私的对你这么好了。"
5,ID_5_Number_135,"135 参照示例文案结构，文案仿写，要求文案结构一致，语言风格一致，主题父母，示例结构如下：在这个世界上，只有父母给我们吃的饭是免费的，其他每一餐都需要付出代价。
如果有一天啊你把父母的心伤透了，那在这世界上可能真的找不到一个人无私的对你这么好了。"
5,ID_5_Number_136,"136 参照示例文案结构，文案仿写，要求文案结构一致，语言风格一致，主题父母，示例结构如下：在这个世界上，只有父母给我们吃的饭是免费的，其他每一餐都需要付出代价。
如果有一天啊你把父母的心伤透了，那在这世界上可能真的找不到一个人无私的对你这么好了。"
5,ID_5_Number_137,"137 参照示例文案结构，文案仿写，要求文案结构一致，语言风格一致，主题父母，示例结构如下：在这个世界上，只有父母给我们吃的饭是免费的，其他每一餐都需要付出代价。
如果有一天啊你把父母的心伤透了，那在这世界上可能真的找不到一个人无私的对你这么好了。"
5,ID_5_Number_138,"138 参照示例文案结构，文案仿写，要求文案结构一致，语言风格一致，主题父母，示例结构如下：在这个世界上，只有父母给我们吃的饭是免费的，其他每一餐都需要付出代价。
如果有一天啊你把父母的心伤透了，那在这世界上可能真的找不到一个人无私的对你这么好了。"
5,ID_5_Number_139,"139 参照示例文案结构，文案仿写，要求文案结构一致，语言风格一致，主题父母，示例结构如下：在这个世界上，只有父母给我们吃的饭是免费的，其他每一餐都需要付出代价。
如果有一天啊你把父母的心伤透了，那在这世界上可能真的找不到一个人无私的对你这么好了。"
5,ID_5_Number_140,"140 参照示例文案结构，文案仿写，要求文案结构一致，语言风格一致，主题父母，示例结构如下：在这个世界上，只有父母给我们吃的饭是免费的，其他每一餐都需要付出代价。
如果有一天啊你把父母的心伤透了，那在这世界上可能真的找不到一个人无私的对你这么好了。"
5,ID_5_Number_141,"141 参照示例文案结构，文案仿写，要求文案结构一致，语言风格一致，主题父母，示例结构如下：在这个世界上，只有父母给我们吃的饭是免费的，其他每一餐都需要付出代价。
如果有一天啊你把父母的心伤透了，那在这世界上可能真的找不到一个人无私的对你这么好了。"
5,ID_5_Number_142,"142 参照示例文案结构，文案仿写，要求文案结构一致，语言风格一致，主题父母，示例结构如下：在这个世界上，只有父母给我们吃的饭是免费的，其他每一餐都需要付出代价。
如果有一天啊你把父母的心伤透了，那在这世界上可能真的找不到一个人无私的对你这么好了。"
5,ID_5_Number_143,"143 参照示例文案结构，文案仿写，要求文案结构一致，语言风格一致，主题父母，示例结构如下：在这个世界上，只有父母给我们吃的饭是免费的，其他每一餐都需要付出代价。
如果有一天啊你把父母的心伤透了，那在这世界上可能真的找不到一个人无私的对你这么好了。"
5,ID_5_Number_144,"144 参照示例文案结构，文案仿写，要求文案结构一致，语言风格一致，主题父母，示例结构如下：在这个世界上，只有父母给我们吃的饭是免费的，其他每一餐都需要付出代价。
如果有一天啊你把父母的心伤透了，那在这世界上可能真的找不到一个人无私的对你这么好了。"
5,ID_5_Number_145,"145 参照示例文案结构，文案仿写，要求文案结构一致，语言风格一致，主题父母，示例结构如下：在这个世界上，只有父母给我们吃的饭是免费的，其他每一餐都需要付出代价。
如果有一天啊你把父母的心伤透了，那在这世界上可能真的找不到一个人无私的对你这么好了。"
5,ID_5_Number_146,"146 参照示例文案结构，文案仿写，要求文案结构一致，语言风格一致，主题父母，示例结构如下：在这个世界上，只有父母给我们吃的饭是免费的，其他每一餐都需要付出代价。
如果有一天啊你把父母的心伤透了，那在这世界上可能真的找不到一个人无私的对你这么好了。"
5,ID_5_Number_147,"147 参照示例文案结构，文案仿写，要求文案结构一致，语言风格一致，主题父母，示例结构如下：在这个世界上，只有父母给我们吃的饭是免费的，其他每一餐都需要付出代价。
如果有一天啊你把父母的心伤透了，那在这世界上可能真的找不到一个人无私的对你这么好了。"
5,ID_5_Number_148,"148 参照示例文案结构，文案仿写，要求文案结构一致，语言风格一致，主题父母，示例结构如下：在这个世界上，只有父母给我们吃的饭是免费的，其他每一餐都需要付出代价。
如果有一天啊你把父母的心伤透了，那在这世界上可能真的找不到一个人无私的对你这么好了。"
5,ID_5_Number_149,"149 参照示例文案结构，文案仿写，要求文案结构一致，语言风格一致，主题父母，示例结构如下：在这个世界上，只有父母给我们吃的饭是免费的，其他每一餐都需要付出代价。
如果有一天啊你把父母的心伤透了，那在这世界上可能真的找不到一个人无私的对你这么好了。"
5,ID_5_Number_150,"150 参照示例文案结构，文案仿写，要求文案结构一致，语言风格一致，主题父母，示例结构如下：在这个世界上，只有父母给我们吃的饭是免费的，其他每一餐都需要付出代价。
如果有一天啊你把父母的心伤透了，那在这世界上可能真的找不到一个人无私的对你这么好了。"
5,ID_5_Number_151,"151 参照示例文案结构，文案仿写，要求文案结构一致，语言风格一致，主题父母，示例结构如下：在这个世界上，只有父母给我们吃的饭是免费的，其他每一餐都需要付出代价。
如果有一天啊你把父母的心伤透了，那在这世界上可能真的找不到一个人无私的对你这么好了。"
5,ID_5_Number_152,"152 参照示例文案结构，文案仿写，要求文案结构一致，语言风格一致，主题父母，示例结构如下：在这个世界上，只有父母给我们吃的饭是免费的，其他每一餐都需要付出代价。
如果有一天啊你把父母的心伤透了，那在这世界上可能真的找不到一个人无私的对你这么好了。"
5,ID_5_Number_153,"153 参照示例文案结构，文案仿写，要求文案结构一致，语言风格一致，主题父母，示例结构如下：在这个世界上，只有父母给我们吃的饭是免费的，其他每一餐都需要付出代价。
如果有一天啊你把父母的心伤透了，那在这世界上可能真的找不到一个人无私的对你这么好了。"
5,ID_5_Number_154,"154 参照示例文案结构，文案仿写，要求文案结构一致，语言风格一致，主题父母，示例结构如下：在这个世界上，只有父母给我们吃的饭是免费的，其他每一餐都需要付出代价。
如果有一天啊你把父母的心伤透了，那在这世界上可能真的找不到一个人无私的对你这么好了。"
5,ID_5_Number_155,"155 参照示例文案结构，文案仿写，要求文案结构一致，语言风格一致，主题父母，示例结构如下：在这个世界上，只有父母给我们吃的饭是免费的，其他每一餐都需要付出代价。
如果有一天啊你把父母的心伤透了，那在这世界上可能真的找不到一个人无私的对你这么好了。"
5,ID_5_Number_156,"156 参照示例文案结构，文案仿写，要求文案结构一致，语言风格一致，主题父母，示例结构如下：在这个世界上，只有父母给我们吃的饭是免费的，其他每一餐都需要付出代价。
如果有一天啊你把父母的心伤透了，那在这世界上可能真的找不到一个人无私的对你这么好了。"
5,ID_5_Number_157,"157 参照示例文案结构，文案仿写，要求文案结构一致，语言风格一致，主题父母，示例结构如下：在这个世界上，只有父母给我们吃的饭是免费的，其他每一餐都需要付出代价。
如果有一天啊你把父母的心伤透了，那在这世界上可能真的找不到一个人无私的对你这么好了。"
5,ID_5_Number_158,"158 参照示例文案结构，文案仿写，要求文案结构一致，语言风格一致，主题父母，示例结构如下：在这个世界上，只有父母给我们吃的饭是免费的，其他每一餐都需要付出代价。
如果有一天啊你把父母的心伤透了，那在这世界上可能真的找不到一个人无私的对你这么好了。"
5,ID_5_Number_159,"159 参照示例文案结构，文案仿写，要求文案结构一致，语言风格一致，主题父母，示例结构如下：在这个世界上，只有父母给我们吃的饭是免费的，其他每一餐都需要付出代价。
如果有一天啊你把父母的心伤透了，那在这世界上可能真的找不到一个人无私的对你这么好了。"
5,ID_5_Number_160,"160 参照示例文案结构，文案仿写，要求文案结构一致，语言风格一致，主题父母，示例结构如下：在这个世界上，只有父母给我们吃的饭是免费的，其他每一餐都需要付出代价。
如果有一天啊你把父母的心伤透了，那在这世界上可能真的找不到一个人无私的对你这么好了。"
5,ID_5_Number_161,"161 参照示例文案结构，文案仿写，要求文案结构一致，语言风格一致，主题父母，示例结构如下：在这个世界上，只有父母给我们吃的饭是免费的，其他每一餐都需要付出代价。
如果有一天啊你把父母的心伤透了，那在这世界上可能真的找不到一个人无私的对你这么好了。"
5,ID_5_Number_162,"162 参照示例文案结构，文案仿写，要求文案结构一致，语言风格一致，主题父母，示例结构如下：在这个世界上，只有父母给我们吃的饭是免费的，其他每一餐都需要付出代价。
如果有一天啊你把父母的心伤透了，那在这世界上可能真的找不到一个人无私的对你这么好了。"
5,ID_5_Number_163,"163 参照示例文案结构，文案仿写，要求文案结构一致，语言风格一致，主题父母，示例结构如下：在这个世界上，只有父母给我们吃的饭是免费的，其他每一餐都需要付出代价。
如果有一天啊你把父母的心伤透了，那在这世界上可能真的找不到一个人无私的对你这么好了。"
5,ID_5_Number_164,"164 参照示例文案结构，文案仿写，要求文案结构一致，语言风格一致，主题父母，示例结构如下：在这个世界上，只有父母给我们吃的饭是免费的，其他每一餐都需要付出代价。
如果有一天啊你把父母的心伤透了，那在这世界上可能真的找不到一个人无私的对你这么好了。"
5,ID_5_Number_165,"165 参照示例文案结构，文案仿写，要求文案结构一致，语言风格一致，主题父母，示例结构如下：在这个世界上，只有父母给我们吃的饭是免费的，其他每一餐都需要付出代价。
如果有一天啊你把父母的心伤透了，那在这世界上可能真的找不到一个人无私的对你这么好了。"
5,ID_5_Number_166,"166 参照示例文案结构，文案仿写，要求文案结构一致，语言风格一致，主题父母，示例结构如下：在这个世界上，只有父母给我们吃的饭是免费的，其他每一餐都需要付出代价。
如果有一天啊你把父母的心伤透了，那在这世界上可能真的找不到一个人无私的对你这么好了。"
5,ID_5_Number_167,"167 参照示例文案结构，文案仿写，要求文案结构一致，语言风格一致，主题父母，示例结构如下：在这个世界上，只有父母给我们吃的饭是免费的，其他每一餐都需要付出代价。
如果有一天啊你把父母的心伤透了，那在这世界上可能真的找不到一个人无私的对你这么好了。"
5,ID_5_Number_168,"168 参照示例文案结构，文案仿写，要求文案结构一致，语言风格一致，主题父母，示例结构如下：在这个世界上，只有父母给我们吃的饭是免费的，其他每一餐都需要付出代价。
如果有一天啊你把父母的心伤透了，那在这世界上可能真的找不到一个人无私的对你这么好了。"
5,ID_5_Number_169,"169 参照示例文案结构，文案仿写，要求文案结构一致，语言风格一致，主题父母，示例结构如下：在这个世界上，只有父母给我们吃的饭是免费的，其他每一餐都需要付出代价。
如果有一天啊你把父母的心伤透了，那在这世界上可能真的找不到一个人无私的对你这么好了。"
5,ID_5_Number_170,"170 参照示例文案结构，文案仿写，要求文案结构一致，语言风格一致，主题父母，示例结构如下：在这个世界上，只有父母给我们吃的饭是免费的，其他每一餐都需要付出代价。
如果有一天啊你把父母的心伤透了，那在这世界上可能真的找不到一个人无私的对你这么好了。"
5,ID_5_Number_171,"171 参照示例文案结构，文案仿写，要求文案结构一致，语言风格一致，主题父母，示例结构如下：在这个世界上，只有父母给我们吃的饭是免费的，其他每一餐都需要付出代价。
如果有一天啊你把父母的心伤透了，那在这世界上可能真的找不到一个人无私的对你这么好了。"
5,ID_5_Number_172,"172 参照示例文案结构，文案仿写，要求文案结构一致，语言风格一致，主题父母，示例结构如下：在这个世界上，只有父母给我们吃的饭是免费的，其他每一餐都需要付出代价。
如果有一天啊你把父母的心伤透了，那在这世界上可能真的找不到一个人无私的对你这么好了。"
5,ID_5_Number_173,"173 参照示例文案结构，文案仿写，要求文案结构一致，语言风格一致，主题父母，示例结构如下：在这个世界上，只有父母给我们吃的饭是免费的，其他每一餐都需要付出代价。
如果有一天啊你把父母的心伤透了，那在这世界上可能真的找不到一个人无私的对你这么好了。"
5,ID_5_Number_174,"174 参照示例文案结构，文案仿写，要求文案结构一致，语言风格一致，主题父母，示例结构如下：在这个世界上，只有父母给我们吃的饭是免费的，其他每一餐都需要付出代价。
如果有一天啊你把父母的心伤透了，那在这世界上可能真的找不到一个人无私的对你这么好了。"
5,ID_5_Number_175,"175 参照示例文案结构，文案仿写，要求文案结构一致，语言风格一致，主题父母，示例结构如下：在这个世界上，只有父母给我们吃的饭是免费的，其他每一餐都需要付出代价。
如果有一天啊你把父母的心伤透了，那在这世界上可能真的找不到一个人无私的对你这么好了。"
5,ID_5_Number_176,"176 参照示例文案结构，文案仿写，要求文案结构一致，语言风格一致，主题父母，示例结构如下：在这个世界上，只有父母给我们吃的饭是免费的，其他每一餐都需要付出代价。
如果有一天啊你把父母的心伤透了，那在这世界上可能真的找不到一个人无私的对你这么好了。"
5,ID_5_Number_177,"177 参照示例文案结构，文案仿写，要求文案结构一致，语言风格一致，主题父母，示例结构如下：在这个世界上，只有父母给我们吃的饭是免费的，其他每一餐都需要付出代价。
如果有一天啊你把父母的心伤透了，那在这世界上可能真的找不到一个人无私的对你这么好了。"
5,ID_5_Number_178,"178 参照示例文案结构，文案仿写，要求文案结构一致，语言风格一致，主题父母，示例结构如下：在这个世界上，只有父母给我们吃的饭是免费的，其他每一餐都需要付出代价。
如果有一天啊你把父母的心伤透了，那在这世界上可能真的找不到一个人无私的对你这么好了。"
5,ID_5_Number_179,"179 参照示例文案结构，文案仿写，要求文案结构一致，语言风格一致，主题父母，示例结构如下：在这个世界上，只有父母给我们吃的饭是免费的，其他每一餐都需要付出代价。
如果有一天啊你把父母的心伤透了，那在这世界上可能真的找不到一个人无私的对你这么好了。"
5,ID_5_Number_180,"180 参照示例文案结构，文案仿写，要求文案结构一致，语言风格一致，主题父母，示例结构如下：在这个世界上，只有父母给我们吃的饭是免费的，其他每一餐都需要付出代价。
如果有一天啊你把父母的心伤透了，那在这世界上可能真的找不到一个人无私的对你这么好了。"
5,ID_5_Number_181,"181 参照示例文案结构，文案仿写，要求文案结构一致，语言风格一致，主题父母，示例结构如下：在这个世界上，只有父母给我们吃的饭是免费的，其他每一餐都需要付出代价。
如果有一天啊你把父母的心伤透了，那在这世界上可能真的找不到一个人无私的对你这么好了。"
5,ID_5_Number_182,"182 参照示例文案结构，文案仿写，要求文案结构一致，语言风格一致，主题父母，示例结构如下：在这个世界上，只有父母给我们吃的饭是免费的，其他每一餐都需要付出代价。
如果有一天啊你把父母的心伤透了，那在这世界上可能真的找不到一个人无私的对你这么好了。"
5,ID_5_Number_183,"183 参照示例文案结构，文案仿写，要求文案结构一致，语言风格一致，主题父母，示例结构如下：在这个世界上，只有父母给我们吃的饭是免费的，其他每一餐都需要付出代价。
如果有一天啊你把父母的心伤透了，那在这世界上可能真的找不到一个人无私的对你这么好了。"
5,ID_5_Number_184,"184 参照示例文案结构，文案仿写，要求文案结构一致，语言风格一致，主题父母，示例结构如下：在这个世界上，只有父母给我们吃的饭是免费的，其他每一餐都需要付出代价。
如果有一天啊你把父母的心伤透了，那在这世界上可能真的找不到一个人无私的对你这么好了。"
5,ID_5_Number_185,"185 参照示例文案结构，文案仿写，要求文案结构一致，语言风格一致，主题父母，示例结构如下：在这个世界上，只有父母给我们吃的饭是免费的，其他每一餐都需要付出代价。
如果有一天啊你把父母的心伤透了，那在这世界上可能真的找不到一个人无私的对你这么好了。"
5,ID_5_Number_186,"186 参照示例文案结构，文案仿写，要求文案结构一致，语言风格一致，主题父母，示例结构如下：在这个世界上，只有父母给我们吃的饭是免费的，其他每一餐都需要付出代价。
如果有一天啊你把父母的心伤透了，那在这世界上可能真的找不到一个人无私的对你这么好了。"
5,ID_5_Number_187,"187 参照示例文案结构，文案仿写，要求文案结构一致，语言风格一致，主题父母，示例结构如下：在这个世界上，只有父母给我们吃的饭是免费的，其他每一餐都需要付出代价。
如果有一天啊你把父母的心伤透了，那在这世界上可能真的找不到一个人无私的对你这么好了。"
5,ID_5_Number_188,"188 参照示例文案结构，文案仿写，要求文案结构一致，语言风格一致，主题父母，示例结构如下：在这个世界上，只有父母给我们吃的饭是免费的，其他每一餐都需要付出代价。
如果有一天啊你把父母的心伤透了，那在这世界上可能真的找不到一个人无私的对你这么好了。"
5,ID_5_Number_189,"189 参照示例文案结构，文案仿写，要求文案结构一致，语言风格一致，主题父母，示例结构如下：在这个世界上，只有父母给我们吃的饭是免费的，其他每一餐都需要付出代价。
如果有一天啊你把父母的心伤透了，那在这世界上可能真的找不到一个人无私的对你这么好了。"
5,ID_5_Number_190,"190 参照示例文案结构，文案仿写，要求文案结构一致，语言风格一致，主题父母，示例结构如下：在这个世界上，只有父母给我们吃的饭是免费的，其他每一餐都需要付出代价。
如果有一天啊你把父母的心伤透了，那在这世界上可能真的找不到一个人无私的对你这么好了。"
5,ID_5_Number_191,"191 参照示例文案结构，文案仿写，要求文案结构一致，语言风格一致，主题父母，示例结构如下：在这个世界上，只有父母给我们吃的饭是免费的，其他每一餐都需要付出代价。
如果有一天啊你把父母的心伤透了，那在这世界上可能真的找不到一个人无私的对你这么好了。"
5,ID_5_Number_192,"192 参照示例文案结构，文案仿写，要求文案结构一致，语言风格一致，主题父母，示例结构如下：在这个世界上，只有父母给我们吃的饭是免费的，其他每一餐都需要付出代价。
如果有一天啊你把父母的心伤透了，那在这世界上可能真的找不到一个人无私的对你这么好了。"
5,ID_5_Number_193,"193 参照示例文案结构，文案仿写，要求文案结构一致，语言风格一致，主题父母，示例结构如下：在这个世界上，只有父母给我们吃的饭是免费的，其他每一餐都需要付出代价。
如果有一天啊你把父母的心伤透了，那在这世界上可能真的找不到一个人无私的对你这么好了。"
5,ID_5_Number_194,"194 参照示例文案结构，文案仿写，要求文案结构一致，语言风格一致，主题父母，示例结构如下：在这个世界上，只有父母给我们吃的饭是免费的，其他每一餐都需要付出代价。
如果有一天啊你把父母的心伤透了，那在这世界上可能真的找不到一个人无私的对你这么好了。"
5,ID_5_Number_195,"195 参照示例文案结构，文案仿写，要求文案结构一致，语言风格一致，主题父母，示例结构如下：在这个世界上，只有父母给我们吃的饭是免费的，其他每一餐都需要付出代价。
如果有一天啊你把父母的心伤透了，那在这世界上可能真的找不到一个人无私的对你这么好了。"
5,ID_5_Number_196,"196 参照示例文案结构，文案仿写，要求文案结构一致，语言风格一致，主题父母，示例结构如下：在这个世界上，只有父母给我们吃的饭是免费的，其他每一餐都需要付出代价。
如果有一天啊你把父母的心伤透了，那在这世界上可能真的找不到一个人无私的对你这么好了。"
5,ID_5_Number_197,"197 参照示例文案结构，文案仿写，要求文案结构一致，语言风格一致，主题父母，示例结构如下：在这个世界上，只有父母给我们吃的饭是免费的，其他每一餐都需要付出代价。
如果有一天啊你把父母的心伤透了，那在这世界上可能真的找不到一个人无私的对你这么好了。"
5,ID_5_Number_198,"198 参照示例文案结构，文案仿写，要求文案结构一致，语言风格一致，主题父母，示例结构如下：在这个世界上，只有父母给我们吃的饭是免费的，其他每一餐都需要付出代价。
如果有一天啊你把父母的心伤透了，那在这世界上可能真的找不到一个人无私的对你这么好了。"
5,ID_5_Number_199,"199 参照示例文案结构，文案仿写，要求文案结构一致，语言风格一致，主题父母，示例结构如下：在这个世界上，只有父母给我们吃的饭是免费的，其他每一餐都需要付出代价。
如果有一天啊你把父母的心伤透了，那在这世界上可能真的找不到一个人无私的对你这么好了。"
5,ID_5_Number_200,"200 参照示例文案结构，文案仿写，要求文案结构一致，语言风格一致，主题父母，示例结构如下：在这个世界上，只有父母给我们吃的饭是免费的，其他每一餐都需要付出代价。
如果有一天啊你把父母的心伤透了，那在这世界上可能真的找不到一个人无私的对你这么好了。"
5,ID_5_Number_201,"201 参照示例文案结构，文案仿写，要求文案结构一致，语言风格一致，主题父母，示例结构如下：在这个世界上，只有父母给我们吃的饭是免费的，其他每一餐都需要付出代价。
如果有一天啊你把父母的心伤透了，那在这世界上可能真的找不到一个人无私的对你这么好了。"
5,ID_5_Number_202,"202 参照示例文案结构，文案仿写，要求文案结构一致，语言风格一致，主题父母，示例结构如下：在这个世界上，只有父母给我们吃的饭是免费的，其他每一餐都需要付出代价。
如果有一天啊你把父母的心伤透了，那在这世界上可能真的找不到一个人无私的对你这么好了。"
5,ID_5_Number_203,"203 参照示例文案结构，文案仿写，要求文案结构一致，语言风格一致，主题父母，示例结构如下：在这个世界上，只有父母给我们吃的饭是免费的，其他每一餐都需要付出代价。
如果有一天啊你把父母的心伤透了，那在这世界上可能真的找不到一个人无私的对你这么好了。"
5,ID_5_Number_204,"204 参照示例文案结构，文案仿写，要求文案结构一致，语言风格一致，主题父母，示例结构如下：在这个世界上，只有父母给我们吃的饭是免费的，其他每一餐都需要付出代价。
如果有一天啊你把父母的心伤透了，那在这世界上可能真的找不到一个人无私的对你这么好了。"
5,ID_5_Number_205,"205 参照示例文案结构，文案仿写，要求文案结构一致，语言风格一致，主题父母，示例结构如下：在这个世界上，只有父母给我们吃的饭是免费的，其他每一餐都需要付出代价。
如果有一天啊你把父母的心伤透了，那在这世界上可能真的找不到一个人无私的对你这么好了。"
5,ID_5_Number_206,"206 参照示例文案结构，文案仿写，要求文案结构一致，语言风格一致，主题父母，示例结构如下：在这个世界上，只有父母给我们吃的饭是免费的，其他每一餐都需要付出代价。
如果有一天啊你把父母的心伤透了，那在这世界上可能真的找不到一个人无私的对你这么好了。"
5,ID_5_Number_207,"207 参照示例文案结构，文案仿写，要求文案结构一致，语言风格一致，主题父母，示例结构如下：在这个世界上，只有父母给我们吃的饭是免费的，其他每一餐都需要付出代价。
如果有一天啊你把父母的心伤透了，那在这世界上可能真的找不到一个人无私的对你这么好了。"
5,ID_5_Number_208,"208 参照示例文案结构，文案仿写，要求文案结构一致，语言风格一致，主题父母，示例结构如下：在这个世界上，只有父母给我们吃的饭是免费的，其他每一餐都需要付出代价。
如果有一天啊你把父母的心伤透了，那在这世界上可能真的找不到一个人无私的对你这么好了。"
5,ID_5_Number_209,"209 参照示例文案结构，文案仿写，要求文案结构一致，语言风格一致，主题父母，示例结构如下：在这个世界上，只有父母给我们吃的饭是免费的，其他每一餐都需要付出代价。
如果有一天啊你把父母的心伤透了，那在这世界上可能真的找不到一个人无私的对你这么好了。"
5,ID_5_Number_210,"210 参照示例文案结构，文案仿写，要求文案结构一致，语言风格一致，主题父母，示例结构如下：在这个世界上，只有父母给我们吃的饭是免费的，其他每一餐都需要付出代价。
如果有一天啊你把父母的心伤透了，那在这世界上可能真的找不到一个人无私的对你这么好了。"
5,ID_5_Number_211,"211 参照示例文案结构，文案仿写，要求文案结构一致，语言风格一致，主题父母，示例结构如下：在这个世界上，只有父母给我们吃的饭是免费的，其他每一餐都需要付出代价。
如果有一天啊你把父母的心伤透了，那在这世界上可能真的找不到一个人无私的对你这么好了。"
5,ID_5_Number_212,"212 参照示例文案结构，文案仿写，要求文案结构一致，语言风格一致，主题父母，示例结构如下：在这个世界上，只有父母给我们吃的饭是免费的，其他每一餐都需要付出代价。
如果有一天啊你把父母的心伤透了，那在这世界上可能真的找不到一个人无私的对你这么好了。"
5,ID_5_Number_213,"213 参照示例文案结构，文案仿写，要求文案结构一致，语言风格一致，主题父母，示例结构如下：在这个世界上，只有父母给我们吃的饭是免费的，其他每一餐都需要付出代价。
如果有一天啊你把父母的心伤透了，那在这世界上可能真的找不到一个人无私的对你这么好了。"
5,ID_5_Number_214,"214 参照示例文案结构，文案仿写，要求文案结构一致，语言风格一致，主题父母，示例结构如下：在这个世界上，只有父母给我们吃的饭是免费的，其他每一餐都需要付出代价。
如果有一天啊你把父母的心伤透了，那在这世界上可能真的找不到一个人无私的对你这么好了。"
5,ID_5_Number_215,"215 参照示例文案结构，文案仿写，要求文案结构一致，语言风格一致，主题父母，示例结构如下：在这个世界上，只有父母给我们吃的饭是免费的，其他每一餐都需要付出代价。
如果有一天啊你把父母的心伤透了，那在这世界上可能真的找不到一个人无私的对你这么好了。"
5,ID_5_Number_216,"216 参照示例文案结构，文案仿写，要求文案结构一致，语言风格一致，主题父母，示例结构如下：在这个世界上，只有父母给我们吃的饭是免费的，其他每一餐都需要付出代价。
如果有一天啊你把父母的心伤透了，那在这世界上可能真的找不到一个人无私的对你这么好了。"
5,ID_5_Number_217,"217 参照示例文案结构，文案仿写，要求文案结构一致，语言风格一致，主题父母，示例结构如下：在这个世界上，只有父母给我们吃的饭是免费的，其他每一餐都需要付出代价。
如果有一天啊你把父母的心伤透了，那在这世界上可能真的找不到一个人无私的对你这么好了。"
5,ID_5_Number_218,"218 参照示例文案结构，文案仿写，要求文案结构一致，语言风格一致，主题父母，示例结构如下：在这个世界上，只有父母给我们吃的饭是免费的，其他每一餐都需要付出代价。
如果有一天啊你把父母的心伤透了，那在这世界上可能真的找不到一个人无私的对你这么好了。"
5,ID_5_Number_219,"219 参照示例文案结构，文案仿写，要求文案结构一致，语言风格一致，主题父母，示例结构如下：在这个世界上，只有父母给我们吃的饭是免费的，其他每一餐都需要付出代价。
如果有一天啊你把父母的心伤透了，那在这世界上可能真的找不到一个人无私的对你这么好了。"
5,ID_5_Number_220,"220 参照示例文案结构，文案仿写，要求文案结构一致，语言风格一致，主题父母，示例结构如下：在这个世界上，只有父母给我们吃的饭是免费的，其他每一餐都需要付出代价。
如果有一天啊你把父母的心伤透了，那在这世界上可能真的找不到一个人无私的对你这么好了。"
5,ID_5_Number_221,"221 参照示例文案结构，文案仿写，要求文案结构一致，语言风格一致，主题父母，示例结构如下：在这个世界上，只有父母给我们吃的饭是免费的，其他每一餐都需要付出代价。
如果有一天啊你把父母的心伤透了，那在这世界上可能真的找不到一个人无私的对你这么好了。"
5,ID_5_Number_222,"222 参照示例文案结构，文案仿写，要求文案结构一致，语言风格一致，主题父母，示例结构如下：在这个世界上，只有父母给我们吃的饭是免费的，其他每一餐都需要付出代价。
如果有一天啊你把父母的心伤透了，那在这世界上可能真的找不到一个人无私的对你这么好了。"
5,ID_5_Number_223,"223 参照示例文案结构，文案仿写，要求文案结构一致，语言风格一致，主题父母，示例结构如下：在这个世界上，只有父母给我们吃的饭是免费的，其他每一餐都需要付出代价。
如果有一天啊你把父母的心伤透了，那在这世界上可能真的找不到一个人无私的对你这么好了。"
5,ID_5_Number_224,"224 参照示例文案结构，文案仿写，要求文案结构一致，语言风格一致，主题父母，示例结构如下：在这个世界上，只有父母给我们吃的饭是免费的，其他每一餐都需要付出代价。
如果有一天啊你把父母的心伤透了，那在这世界上可能真的找不到一个人无私的对你这么好了。"
5,ID_5_Number_225,"225 参照示例文案结构，文案仿写，要求文案结构一致，语言风格一致，主题父母，示例结构如下：在这个世界上，只有父母给我们吃的饭是免费的，其他每一餐都需要付出代价。
如果有一天啊你把父母的心伤透了，那在这世界上可能真的找不到一个人无私的对你这么好了。"
5,ID_5_Number_226,"226 参照示例文案结构，文案仿写，要求文案结构一致，语言风格一致，主题父母，示例结构如下：在这个世界上，只有父母给我们吃的饭是免费的，其他每一餐都需要付出代价。
如果有一天啊你把父母的心伤透了，那在这世界上可能真的找不到一个人无私的对你这么好了。"
5,ID_5_Number_227,"227 参照示例文案结构，文案仿写，要求文案结构一致，语言风格一致，主题父母，示例结构如下：在这个世界上，只有父母给我们吃的饭是免费的，其他每一餐都需要付出代价。
如果有一天啊你把父母的心伤透了，那在这世界上可能真的找不到一个人无私的对你这么好了。"
5,ID_5_Number_228,"228 参照示例文案结构，文案仿写，要求文案结构一致，语言风格一致，主题父母，示例结构如下：在这个世界上，只有父母给我们吃的饭是免费的，其他每一餐都需要付出代价。
如果有一天啊你把父母的心伤透了，那在这世界上可能真的找不到一个人无私的对你这么好了。"
5,ID_5_Number_229,"229 参照示例文案结构，文案仿写，要求文案结构一致，语言风格一致，主题父母，示例结构如下：在这个世界上，只有父母给我们吃的饭是免费的，其他每一餐都需要付出代价。
如果有一天啊你把父母的心伤透了，那在这世界上可能真的找不到一个人无私的对你这么好了。"
5,ID_5_Number_230,"230 参照示例文案结构，文案仿写，要求文案结构一致，语言风格一致，主题父母，示例结构如下：在这个世界上，只有父母给我们吃的饭是免费的，其他每一餐都需要付出代价。
如果有一天啊你把父母的心伤透了，那在这世界上可能真的找不到一个人无私的对你这么好了。"
5,ID_5_Number_231,"231 参照示例文案结构，文案仿写，要求文案结构一致，语言风格一致，主题父母，示例结构如下：在这个世界上，只有父母给我们吃的饭是免费的，其他每一餐都需要付出代价。
如果有一天啊你把父母的心伤透了，那在这世界上可能真的找不到一个人无私的对你这么好了。"
5,ID_5_Number_232,"232 参照示例文案结构，文案仿写，要求文案结构一致，语言风格一致，主题父母，示例结构如下：在这个世界上，只有父母给我们吃的饭是免费的，其他每一餐都需要付出代价。
如果有一天啊你把父母的心伤透了，那在这世界上可能真的找不到一个人无私的对你这么好了。"
5,ID_5_Number_233,"233 参照示例文案结构，文案仿写，要求文案结构一致，语言风格一致，主题父母，示例结构如下：在这个世界上，只有父母给我们吃的饭是免费的，其他每一餐都需要付出代价。
如果有一天啊你把父母的心伤透了，那在这世界上可能真的找不到一个人无私的对你这么好了。"
5,ID_5_Number_234,"234 参照示例文案结构，文案仿写，要求文案结构一致，语言风格一致，主题父母，示例结构如下：在这个世界上，只有父母给我们吃的饭是免费的，其他每一餐都需要付出代价。
如果有一天啊你把父母的心伤透了，那在这世界上可能真的找不到一个人无私的对你这么好了。"
5,ID_5_Number_235,"235 参照示例文案结构，文案仿写，要求文案结构一致，语言风格一致，主题父母，示例结构如下：在这个世界上，只有父母给我们吃的饭是免费的，其他每一餐都需要付出代价。
如果有一天啊你把父母的心伤透了，那在这世界上可能真的找不到一个人无私的对你这么好了。"
5,ID_5_Number_236,"236 参照示例文案结构，文案仿写，要求文案结构一致，语言风格一致，主题父母，示例结构如下：在这个世界上，只有父母给我们吃的饭是免费的，其他每一餐都需要付出代价。
如果有一天啊你把父母的心伤透了，那在这世界上可能真的找不到一个人无私的对你这么好了。"
5,ID_5_Number_237,"237 参照示例文案结构，文案仿写，要求文案结构一致，语言风格一致，主题父母，示例结构如下：在这个世界上，只有父母给我们吃的饭是免费的，其他每一餐都需要付出代价。
如果有一天啊你把父母的心伤透了，那在这世界上可能真的找不到一个人无私的对你这么好了。"
5,ID_5_Number_238,"238 参照示例文案结构，文案仿写，要求文案结构一致，语言风格一致，主题父母，示例结构如下：在这个世界上，只有父母给我们吃的饭是免费的，其他每一餐都需要付出代价。
如果有一天啊你把父母的心伤透了，那在这世界上可能真的找不到一个人无私的对你这么好了。"
5,ID_5_Number_239,"239 参照示例文案结构，文案仿写，要求文案结构一致，语言风格一致，主题父母，示例结构如下：在这个世界上，只有父母给我们吃的饭是免费的，其他每一餐都需要付出代价。
如果有一天啊你把父母的心伤透了，那在这世界上可能真的找不到一个人无私的对你这么好了。"
5,ID_5_Number_240,"240 参照示例文案结构，文案仿写，要求文案结构一致，语言风格一致，主题父母，示例结构如下：在这个世界上，只有父母给我们吃的饭是免费的，其他每一餐都需要付出代价。
如果有一天啊你把父母的心伤透了，那在这世界上可能真的找不到一个人无私的对你这么好了。"
5,ID_5_Number_241,"241 参照示例文案结构，文案仿写，要求文案结构一致，语言风格一致，主题父母，示例结构如下：在这个世界上，只有父母给我们吃的饭是免费的，其他每一餐都需要付出代价。
如果有一天啊你把父母的心伤透了，那在这世界上可能真的找不到一个人无私的对你这么好了。"
5,ID_5_Number_242,"242 参照示例文案结构，文案仿写，要求文案结构一致，语言风格一致，主题父母，示例结构如下：在这个世界上，只有父母给我们吃的饭是免费的，其他每一餐都需要付出代价。
如果有一天啊你把父母的心伤透了，那在这世界上可能真的找不到一个人无私的对你这么好了。"
5,ID_5_Number_243,"243 参照示例文案结构，文案仿写，要求文案结构一致，语言风格一致，主题父母，示例结构如下：在这个世界上，只有父母给我们吃的饭是免费的，其他每一餐都需要付出代价。
如果有一天啊你把父母的心伤透了，那在这世界上可能真的找不到一个人无私的对你这么好了。"
5,ID_5_Number_244,"244 参照示例文案结构，文案仿写，要求文案结构一致，语言风格一致，主题父母，示例结构如下：在这个世界上，只有父母给我们吃的饭是免费的，其他每一餐都需要付出代价。
如果有一天啊你把父母的心伤透了，那在这世界上可能真的找不到一个人无私的对你这么好了。"
5,ID_5_Number_245,"245 参照示例文案结构，文案仿写，要求文案结构一致，语言风格一致，主题父母，示例结构如下：在这个世界上，只有父母给我们吃的饭是免费的，其他每一餐都需要付出代价。
如果有一天啊你把父母的心伤透了，那在这世界上可能真的找不到一个人无私的对你这么好了。"
5,ID_5_Number_246,"246 参照示例文案结构，文案仿写，要求文案结构一致，语言风格一致，主题父母，示例结构如下：在这个世界上，只有父母给我们吃的饭是免费的，其他每一餐都需要付出代价。
如果有一天啊你把父母的心伤透了，那在这世界上可能真的找不到一个人无私的对你这么好了。"
5,ID_5_Number_247,"247 参照示例文案结构，文案仿写，要求文案结构一致，语言风格一致，主题父母，示例结构如下：在这个世界上，只有父母给我们吃的饭是免费的，其他每一餐都需要付出代价。
如果有一天啊你把父母的心伤透了，那在这世界上可能真的找不到一个人无私的对你这么好了。"
5,ID_5_Number_248,"248 参照示例文案结构，文案仿写，要求文案结构一致，语言风格一致，主题父母，示例结构如下：在这个世界上，只有父母给我们吃的饭是免费的，其他每一餐都需要付出代价。
如果有一天啊你把父母的心伤透了，那在这世界上可能真的找不到一个人无私的对你这么好了。"
5,ID_5_Number_249,"249 参照示例文案结构，文案仿写，要求文案结构一致，语言风格一致，主题父母，示例结构如下：在这个世界上，只有父母给我们吃的饭是免费的，其他每一餐都需要付出代价。
如果有一天啊你把父母的心伤透了，那在这世界上可能真的找不到一个人无私的对你这么好了。"
5,ID_5_Number_250,"250 参照示例文案结构，文案仿写，要求文案结构一致，语言风格一致，主题父母，示例结构如下：在这个世界上，只有父母给我们吃的饭是免费的，其他每一餐都需要付出代价。
如果有一天啊你把父母的心伤透了，那在这世界上可能真的找不到一个人无私的对你这么好了。"
5,ID_5_Number_251,"251 参照示例文案结构，文案仿写，要求文案结构一致，语言风格一致，主题父母，示例结构如下：在这个世界上，只有父母给我们吃的饭是免费的，其他每一餐都需要付出代价。
如果有一天啊你把父母的心伤透了，那在这世界上可能真的找不到一个人无私的对你这么好了。"
5,ID_5_Number_252,"252 参照示例文案结构，文案仿写，要求文案结构一致，语言风格一致，主题父母，示例结构如下：在这个世界上，只有父母给我们吃的饭是免费的，其他每一餐都需要付出代价。
如果有一天啊你把父母的心伤透了，那在这世界上可能真的找不到一个人无私的对你这么好了。"
5,ID_5_Number_253,"253 参照示例文案结构，文案仿写，要求文案结构一致，语言风格一致，主题父母，示例结构如下：在这个世界上，只有父母给我们吃的饭是免费的，其他每一餐都需要付出代价。
如果有一天啊你把父母的心伤透了，那在这世界上可能真的找不到一个人无私的对你这么好了。"
5,ID_5_Number_254,"254 参照示例文案结构，文案仿写，要求文案结构一致，语言风格一致，主题父母，示例结构如下：在这个世界上，只有父母给我们吃的饭是免费的，其他每一餐都需要付出代价。
如果有一天啊你把父母的心伤透了，那在这世界上可能真的找不到一个人无私的对你这么好了。"
5,ID_5_Number_255,"255 参照示例文案结构，文案仿写，要求文案结构一致，语言风格一致，主题父母，示例结构如下：在这个世界上，只有父母给我们吃的饭是免费的，其他每一餐都需要付出代价。
如果有一天啊你把父母的心伤透了，那在这世界上可能真的找不到一个人无私的对你这么好了。"
5,ID_5_Number_256,"256 参照示例文案结构，文案仿写，要求文案结构一致，语言风格一致，主题父母，示例结构如下：在这个世界上，只有父母给我们吃的饭是免费的，其他每一餐都需要付出代价。
如果有一天啊你把父母的心伤透了，那在这世界上可能真的找不到一个人无私的对你这么好了。"
5,ID_5_Number_257,"257 参照示例文案结构，文案仿写，要求文案结构一致，语言风格一致，主题父母，示例结构如下：在这个世界上，只有父母给我们吃的饭是免费的，其他每一餐都需要付出代价。
如果有一天啊你把父母的心伤透了，那在这世界上可能真的找不到一个人无私的对你这么好了。"
5,ID_5_Number_258,"258 参照示例文案结构，文案仿写，要求文案结构一致，语言风格一致，主题父母，示例结构如下：在这个世界上，只有父母给我们吃的饭是免费的，其他每一餐都需要付出代价。
如果有一天啊你把父母的心伤透了，那在这世界上可能真的找不到一个人无私的对你这么好了。"
5,ID_5_Number_259,"259 参照示例文案结构，文案仿写，要求文案结构一致，语言风格一致，主题父母，示例结构如下：在这个世界上，只有父母给我们吃的饭是免费的，其他每一餐都需要付出代价。
如果有一天啊你把父母的心伤透了，那在这世界上可能真的找不到一个人无私的对你这么好了。"
5,ID_5_Number_260,"260 参照示例文案结构，文案仿写，要求文案结构一致，语言风格一致，主题父母，示例结构如下：在这个世界上，只有父母给我们吃的饭是免费的，其他每一餐都需要付出代价。
如果有一天啊你把父母的心伤透了，那在这世界上可能真的找不到一个人无私的对你这么好了。"
5,ID_5_Number_261,"261 参照示例文案结构，文案仿写，要求文案结构一致，语言风格一致，主题父母，示例结构如下：在这个世界上，只有父母给我们吃的饭是免费的，其他每一餐都需要付出代价。
如果有一天啊你把父母的心伤透了，那在这世界上可能真的找不到一个人无私的对你这么好了。"
5,ID_5_Number_262,"262 参照示例文案结构，文案仿写，要求文案结构一致，语言风格一致，主题父母，示例结构如下：在这个世界上，只有父母给我们吃的饭是免费的，其他每一餐都需要付出代价。
如果有一天啊你把父母的心伤透了，那在这世界上可能真的找不到一个人无私的对你这么好了。"
5,ID_5_Number_263,"263 参照示例文案结构，文案仿写，要求文案结构一致，语言风格一致，主题父母，示例结构如下：在这个世界上，只有父母给我们吃的饭是免费的，其他每一餐都需要付出代价。
如果有一天啊你把父母的心伤透了，那在这世界上可能真的找不到一个人无私的对你这么好了。"
5,ID_5_Number_264,"264 参照示例文案结构，文案仿写，要求文案结构一致，语言风格一致，主题父母，示例结构如下：在这个世界上，只有父母给我们吃的饭是免费的，其他每一餐都需要付出代价。
如果有一天啊你把父母的心伤透了，那在这世界上可能真的找不到一个人无私的对你这么好了。"
5,ID_5_Number_265,"265 参照示例文案结构，文案仿写，要求文案结构一致，语言风格一致，主题父母，示例结构如下：在这个世界上，只有父母给我们吃的饭是免费的，其他每一餐都需要付出代价。
如果有一天啊你把父母的心伤透了，那在这世界上可能真的找不到一个人无私的对你这么好了。"
5,ID_5_Number_266,"266 参照示例文案结构，文案仿写，要求文案结构一致，语言风格一致，主题父母，示例结构如下：在这个世界上，只有父母给我们吃的饭是免费的，其他每一餐都需要付出代价。
如果有一天啊你把父母的心伤透了，那在这世界上可能真的找不到一个人无私的对你这么好了。"
5,ID_5_Number_267,"267 参照示例文案结构，文案仿写，要求文案结构一致，语言风格一致，主题父母，示例结构如下：在这个世界上，只有父母给我们吃的饭是免费的，其他每一餐都需要付出代价。
如果有一天啊你把父母的心伤透了，那在这世界上可能真的找不到一个人无私的对你这么好了。"
5,ID_5_Number_268,"268 参照示例文案结构，文案仿写，要求文案结构一致，语言风格一致，主题父母，示例结构如下：在这个世界上，只有父母给我们吃的饭是免费的，其他每一餐都需要付出代价。
如果有一天啊你把父母的心伤透了，那在这世界上可能真的找不到一个人无私的对你这么好了。"
5,ID_5_Number_269,"269 参照示例文案结构，文案仿写，要求文案结构一致，语言风格一致，主题父母，示例结构如下：在这个世界上，只有父母给我们吃的饭是免费的，其他每一餐都需要付出代价。
如果有一天啊你把父母的心伤透了，那在这世界上可能真的找不到一个人无私的对你这么好了。"
5,ID_5_Number_270,"270 参照示例文案结构，文案仿写，要求文案结构一致，语言风格一致，主题父母，示例结构如下：在这个世界上，只有父母给我们吃的饭是免费的，其他每一餐都需要付出代价。
如果有一天啊你把父母的心伤透了，那在这世界上可能真的找不到一个人无私的对你这么好了。"
5,ID_5_Number_271,"271 参照示例文案结构，文案仿写，要求文案结构一致，语言风格一致，主题父母，示例结构如下：在这个世界上，只有父母给我们吃的饭是免费的，其他每一餐都需要付出代价。
如果有一天啊你把父母的心伤透了，那在这世界上可能真的找不到一个人无私的对你这么好了。"
5,ID_5_Number_272,"272 参照示例文案结构，文案仿写，要求文案结构一致，语言风格一致，主题父母，示例结构如下：在这个世界上，只有父母给我们吃的饭是免费的，其他每一餐都需要付出代价。
如果有一天啊你把父母的心伤透了，那在这世界上可能真的找不到一个人无私的对你这么好了。"
5,ID_5_Number_273,"273 参照示例文案结构，文案仿写，要求文案结构一致，语言风格一致，主题父母，示例结构如下：在这个世界上，只有父母给我们吃的饭是免费的，其他每一餐都需要付出代价。
如果有一天啊你把父母的心伤透了，那在这世界上可能真的找不到一个人无私的对你这么好了。"
5,ID_5_Number_274,"274 参照示例文案结构，文案仿写，要求文案结构一致，语言风格一致，主题父母，示例结构如下：在这个世界上，只有父母给我们吃的饭是免费的，其他每一餐都需要付出代价。
如果有一天啊你把父母的心伤透了，那在这世界上可能真的找不到一个人无私的对你这么好了。"
5,ID_5_Number_275,"275 参照示例文案结构，文案仿写，要求文案结构一致，语言风格一致，主题父母，示例结构如下：在这个世界上，只有父母给我们吃的饭是免费的，其他每一餐都需要付出代价。
如果有一天啊你把父母的心伤透了，那在这世界上可能真的找不到一个人无私的对你这么好了。"
5,ID_5_Number_276,"276 参照示例文案结构，文案仿写，要求文案结构一致，语言风格一致，主题父母，示例结构如下：在这个世界上，只有父母给我们吃的饭是免费的，其他每一餐都需要付出代价。
如果有一天啊你把父母的心伤透了，那在这世界上可能真的找不到一个人无私的对你这么好了。"
5,ID_5_Number_277,"277 参照示例文案结构，文案仿写，要求文案结构一致，语言风格一致，主题父母，示例结构如下：在这个世界上，只有父母给我们吃的饭是免费的，其他每一餐都需要付出代价。
如果有一天啊你把父母的心伤透了，那在这世界上可能真的找不到一个人无私的对你这么好了。"
5,ID_5_Number_278,"278 参照示例文案结构，文案仿写，要求文案结构一致，语言风格一致，主题父母，示例结构如下：在这个世界上，只有父母给我们吃的饭是免费的，其他每一餐都需要付出代价。
如果有一天啊你把父母的心伤透了，那在这世界上可能真的找不到一个人无私的对你这么好了。"
5,ID_5_Number_279,"279 参照示例文案结构，文案仿写，要求文案结构一致，语言风格一致，主题父母，示例结构如下：在这个世界上，只有父母给我们吃的饭是免费的，其他每一餐都需要付出代价。
如果有一天啊你把父母的心伤透了，那在这世界上可能真的找不到一个人无私的对你这么好了。"
5,ID_5_Number_280,"280 参照示例文案结构，文案仿写，要求文案结构一致，语言风格一致，主题父母，示例结构如下：在这个世界上，只有父母给我们吃的饭是免费的，其他每一餐都需要付出代价。
如果有一天啊你把父母的心伤透了，那在这世界上可能真的找不到一个人无私的对你这么好了。"
5,ID_5_Number_281,"281 参照示例文案结构，文案仿写，要求文案结构一致，语言风格一致，主题父母，示例结构如下：在这个世界上，只有父母给我们吃的饭是免费的，其他每一餐都需要付出代价。
如果有一天啊你把父母的心伤透了，那在这世界上可能真的找不到一个人无私的对你这么好了。"
5,ID_5_Number_282,"282 参照示例文案结构，文案仿写，要求文案结构一致，语言风格一致，主题父母，示例结构如下：在这个世界上，只有父母给我们吃的饭是免费的，其他每一餐都需要付出代价。
如果有一天啊你把父母的心伤透了，那在这世界上可能真的找不到一个人无私的对你这么好了。"
5,ID_5_Number_283,"283 参照示例文案结构，文案仿写，要求文案结构一致，语言风格一致，主题父母，示例结构如下：在这个世界上，只有父母给我们吃的饭是免费的，其他每一餐都需要付出代价。
如果有一天啊你把父母的心伤透了，那在这世界上可能真的找不到一个人无私的对你这么好了。"
5,ID_5_Number_284,"284 参照示例文案结构，文案仿写，要求文案结构一致，语言风格一致，主题父母，示例结构如下：在这个世界上，只有父母给我们吃的饭是免费的，其他每一餐都需要付出代价。
如果有一天啊你把父母的心伤透了，那在这世界上可能真的找不到一个人无私的对你这么好了。"
5,ID_5_Number_285,"285 参照示例文案结构，文案仿写，要求文案结构一致，语言风格一致，主题父母，示例结构如下：在这个世界上，只有父母给我们吃的饭是免费的，其他每一餐都需要付出代价。
如果有一天啊你把父母的心伤透了，那在这世界上可能真的找不到一个人无私的对你这么好了。"
5,ID_5_Number_286,"286 参照示例文案结构，文案仿写，要求文案结构一致，语言风格一致，主题父母，示例结构如下：在这个世界上，只有父母给我们吃的饭是免费的，其他每一餐都需要付出代价。
如果有一天啊你把父母的心伤透了，那在这世界上可能真的找不到一个人无私的对你这么好了。"
5,ID_5_Number_287,"287 参照示例文案结构，文案仿写，要求文案结构一致，语言风格一致，主题父母，示例结构如下：在这个世界上，只有父母给我们吃的饭是免费的，其他每一餐都需要付出代价。
如果有一天啊你把父母的心伤透了，那在这世界上可能真的找不到一个人无私的对你这么好了。"
5,ID_5_Number_288,"288 参照示例文案结构，文案仿写，要求文案结构一致，语言风格一致，主题父母，示例结构如下：在这个世界上，只有父母给我们吃的饭是免费的，其他每一餐都需要付出代价。
如果有一天啊你把父母的心伤透了，那在这世界上可能真的找不到一个人无私的对你这么好了。"
5,ID_5_Number_289,"289 参照示例文案结构，文案仿写，要求文案结构一致，语言风格一致，主题父母，示例结构如下：在这个世界上，只有父母给我们吃的饭是免费的，其他每一餐都需要付出代价。
如果有一天啊你把父母的心伤透了，那在这世界上可能真的找不到一个人无私的对你这么好了。"
5,ID_5_Number_290,"290 参照示例文案结构，文案仿写，要求文案结构一致，语言风格一致，主题父母，示例结构如下：在这个世界上，只有父母给我们吃的饭是免费的，其他每一餐都需要付出代价。
如果有一天啊你把父母的心伤透了，那在这世界上可能真的找不到一个人无私的对你这么好了。"
5,ID_5_Number_291,"291 参照示例文案结构，文案仿写，要求文案结构一致，语言风格一致，主题父母，示例结构如下：在这个世界上，只有父母给我们吃的饭是免费的，其他每一餐都需要付出代价。
如果有一天啊你把父母的心伤透了，那在这世界上可能真的找不到一个人无私的对你这么好了。"
5,ID_5_Number_292,"292 参照示例文案结构，文案仿写，要求文案结构一致，语言风格一致，主题父母，示例结构如下：在这个世界上，只有父母给我们吃的饭是免费的，其他每一餐都需要付出代价。
如果有一天啊你把父母的心伤透了，那在这世界上可能真的找不到一个人无私的对你这么好了。"
5,ID_5_Number_293,"293 参照示例文案结构，文案仿写，要求文案结构一致，语言风格一致，主题父母，示例结构如下：在这个世界上，只有父母给我们吃的饭是免费的，其他每一餐都需要付出代价。
如果有一天啊你把父母的心伤透了，那在这世界上可能真的找不到一个人无私的对你这么好了。"
5,ID_5_Number_294,"294 参照示例文案结构，文案仿写，要求文案结构一致，语言风格一致，主题父母，示例结构如下：在这个世界上，只有父母给我们吃的饭是免费的，其他每一餐都需要付出代价。
如果有一天啊你把父母的心伤透了，那在这世界上可能真的找不到一个人无私的对你这么好了。"
5,ID_5_Number_295,"295 参照示例文案结构，文案仿写，要求文案结构一致，语言风格一致，主题父母，示例结构如下：在这个世界上，只有父母给我们吃的饭是免费的，其他每一餐都需要付出代价。
如果有一天啊你把父母的心伤透了，那在这世界上可能真的找不到一个人无私的对你这么好了。"
5,ID_5_Number_296,"296 参照示例文案结构，文案仿写，要求文案结构一致，语言风格一致，主题父母，示例结构如下：在这个世界上，只有父母给我们吃的饭是免费的，其他每一餐都需要付出代价。
如果有一天啊你把父母的心伤透了，那在这世界上可能真的找不到一个人无私的对你这么好了。"
5,ID_5_Number_297,"297 参照示例文案结构，文案仿写，要求文案结构一致，语言风格一致，主题父母，示例结构如下：在这个世界上，只有父母给我们吃的饭是免费的，其他每一餐都需要付出代价。
如果有一天啊你把父母的心伤透了，那在这世界上可能真的找不到一个人无私的对你这么好了。"
5,ID_5_Number_298,"298 参照示例文案结构，文案仿写，要求文案结构一致，语言风格一致，主题父母，示例结构如下：在这个世界上，只有父母给我们吃的饭是免费的，其他每一餐都需要付出代价。
如果有一天啊你把父母的心伤透了，那在这世界上可能真的找不到一个人无私的对你这么好了。"
5,ID_5_Number_299,"299 参照示例文案结构，文案仿写，要求文案结构一致，语言风格一致，主题父母，示例结构如下：在这个世界上，只有父母给我们吃的饭是免费的，其他每一餐都需要付出代价。
如果有一天啊你把父母的心伤透了，那在这世界上可能真的找不到一个人无私的对你这么好了。"
5,ID_5_Number_300,"300 参照示例文案结构，文案仿写，要求文案结构一致，语言风格一致，主题父母，示例结构如下：在这个世界上，只有父母给我们吃的饭是免费的，其他每一餐都需要付出代价。
如果有一天啊你把父母的心伤透了，那在这世界上可能真的找不到一个人无私的对你这么好了。"
